storenum,year,week,p1sales,p2sales,p1price,p2price,p1prom,p2prom,country,date
101,2011,1,127,106,2.29,2.29,0,0,US,2011w1
101,2011,2,137,105,2.49,2.49,0,0,US,2011w2
101,2011,3,156,97,2.99,2.99,1,0,US,2011w3
101,2011,4,117,106,2.99,3.1900001,0,0,US,2011w4
101,2011,5,138,100,2.49,2.5899999,0,1,US,2011w5
101,2011,6,115,127,2.79,2.49,0,0,US,2011w6
101,2011,7,116,90,2.99,3.1900001,0,0,US,2011w7
101,2011,8,106,126,2.99,2.29,0,0,US,2011w8
101,2011,9,116,94,2.29,2.29,0,0,US,2011w9
101,2011,10,145,91,2.49,2.99,0,0,US,2011w10
101,2011,11,123,104,2.79,2.99,0,0,US,2011w11
101,2011,12,169,73,2.49,3.1900001,0,0,US,2011w12
101,2011,13,107,79,2.49,2.5899999,0,0,US,2011w13
101,2011,14,113,102,2.29,2.29,0,0,US,2011w14
101,2011,15,103,99,2.79,2.5899999,0,0,US,2011w15
101,2011,16,101,121,2.99,2.29,0,0,US,2011w16
101,2011,17,97,130,2.99,2.5899999,0,1,US,2011w17
101,2011,18,157,72,2.29,2.99,0,0,US,2011w18
101,2011,19,104,106,2.79,2.5899999,0,0,US,2011w19
101,2011,20,145,77,2.29,2.99,0,0,US,2011w20
101,2011,21,100,115,2.49,2.49,0,0,US,2011w21
101,2011,22,135,90,2.1900001,2.5899999,0,0,US,2011w22
101,2011,23,103,121,2.99,2.49,0,0,US,2011w23
101,2011,24,115,131,2.79,2.29,0,0,US,2011w24
101,2011,25,121,91,2.1900001,2.49,0,0,US,2011w25
101,2011,26,93,113,2.79,2.5899999,0,0,US,2011w26
101,2011,27,135,99,2.29,2.49,0,0,US,2011w27
101,2011,28,128,97,2.49,2.5899999,0,0,US,2011w28
101,2011,29,121,113,2.99,2.99,0,0,US,2011w29
101,2011,30,111,133,2.99,2.29,1,0,US,2011w30
101,2011,31,122,87,2.79,3.1900001,0,0,US,2011w31
101,2011,32,160,74,2.1900001,2.5899999,0,0,US,2011w32
101,2011,33,120,77,2.79,2.99,0,0,US,2011w33
101,2011,34,174,122,2.29,2.49,1,1,US,2011w34
101,2011,35,113,123,2.79,2.29,0,0,US,2011w35
101,2011,36,173,77,2.79,3.1900001,1,0,US,2011w36
101,2011,37,117,94,2.99,3.1900001,0,0,US,2011w37
101,2011,38,122,95,2.79,2.99,0,0,US,2011w38
101,2011,39,133,102,2.99,3.1900001,0,0,US,2011w39
101,2011,40,183,57,2.29,3.1900001,0,0,US,2011w40
101,2011,41,95,124,2.99,2.29,0,0,US,2011w41
101,2011,42,128,132,2.79,2.29,1,0,US,2011w42
101,2011,43,142,90,2.1900001,2.29,0,0,US,2011w43
101,2011,44,89,131,2.79,2.29,0,0,US,2011w44
101,2011,45,121,87,2.49,2.5899999,0,0,US,2011w45
101,2011,46,129,110,2.49,2.5899999,0,0,US,2011w46
101,2011,47,185,84,2.29,2.99,0,0,US,2011w47
101,2011,48,143,72,2.1900001,2.99,0,0,US,2011w48
101,2011,49,129,104,2.29,2.29,0,0,US,2011w49
101,2011,50,121,105,2.29,2.29,0,0,US,2011w50
101,2011,51,140,86,2.1900001,2.5899999,0,0,US,2011w51
101,2011,52,152,77,2.29,2.99,0,0,US,2011w52
101,2012,1,134,86,2.79,3.1900001,0,0,US,2012w1
101,2012,2,121,87,2.1900001,2.29,0,0,US,2012w2
101,2012,3,131,144,2.49,2.5899999,0,1,US,2012w3
101,2012,4,140,85,2.29,2.49,0,0,US,2012w4
101,2012,5,170,74,2.29,2.49,1,0,US,2012w5
101,2012,6,118,97,2.99,2.99,0,0,US,2012w6
101,2012,7,99,95,2.99,2.99,0,0,US,2012w7
101,2012,8,119,101,2.29,2.29,0,0,US,2012w8
101,2012,9,133,111,2.79,2.49,0,0,US,2012w9
101,2012,10,112,92,2.1900001,2.29,0,0,US,2012w10
101,2012,11,123,103,2.49,2.5899999,0,0,US,2012w11
101,2012,12,146,111,2.1900001,2.49,0,1,US,2012w12
101,2012,13,104,111,2.79,2.5899999,0,0,US,2012w13
101,2012,14,133,124,2.99,3.1900001,0,1,US,2012w14
101,2012,15,157,63,2.49,3.1900001,0,0,US,2012w15
101,2012,16,169,80,2.29,2.99,0,0,US,2012w16
101,2012,17,116,129,2.79,2.5899999,0,0,US,2012w17
101,2012,18,120,119,2.79,2.49,0,0,US,2012w18
101,2012,19,158,93,2.1900001,2.49,0,0,US,2012w19
101,2012,20,152,89,2.49,2.99,0,0,US,2012w20
101,2012,21,112,91,2.29,2.29,0,0,US,2012w21
101,2012,22,175,70,2.29,2.99,0,0,US,2012w22
101,2012,23,131,124,2.99,2.99,0,1,US,2012w23
101,2012,24,125,103,2.79,2.99,0,0,US,2012w24
101,2012,25,136,87,2.29,2.5899999,0,0,US,2012w25
101,2012,26,172,91,2.1900001,2.49,1,0,US,2012w26
101,2012,27,78,138,2.99,2.29,0,0,US,2012w27
101,2012,28,102,107,2.99,2.99,0,0,US,2012w28
101,2012,29,170,72,2.1900001,3.1900001,0,0,US,2012w29
101,2012,30,166,69,2.1900001,2.99,0,0,US,2012w30
101,2012,31,124,130,2.29,2.49,0,1,US,2012w31
101,2012,32,108,174,2.49,2.29,0,1,US,2012w32
101,2012,33,99,109,2.99,2.49,0,0,US,2012w33
101,2012,34,110,110,2.99,2.99,0,0,US,2012w34
101,2012,35,131,109,2.99,2.99,0,0,US,2012w35
101,2012,36,134,68,2.1900001,2.5899999,0,0,US,2012w36
101,2012,37,107,82,2.79,2.99,0,0,US,2012w37
101,2012,38,157,72,2.29,2.99,0,0,US,2012w38
101,2012,39,127,109,2.49,2.49,0,0,US,2012w39
101,2012,40,138,103,2.29,2.5899999,0,0,US,2012w40
101,2012,41,142,81,2.49,2.99,0,0,US,2012w41
101,2012,42,176,65,2.1900001,2.99,0,0,US,2012w42
101,2012,43,100,181,2.99,2.49,0,1,US,2012w43
101,2012,44,115,114,2.79,2.49,0,0,US,2012w44
101,2012,45,119,95,2.79,3.1900001,0,0,US,2012w45
101,2012,46,136,105,2.1900001,2.99,0,1,US,2012w46
101,2012,47,124,109,2.49,2.5899999,0,0,US,2012w47
101,2012,48,157,103,2.49,2.99,0,1,US,2012w48
101,2012,49,103,97,2.49,2.29,0,0,US,2012w49
101,2012,50,183,71,2.1900001,2.99,0,0,US,2012w50
101,2012,51,159,101,2.79,2.5899999,1,0,US,2012w51
101,2012,52,160,81,2.79,3.1900001,0,0,US,2012w52
102,2011,1,103,133,2.79,2.29,0,0,US,2011w1
102,2011,2,91,147,2.99,2.49,0,0,US,2011w2
102,2011,3,136,63,2.29,2.99,0,0,US,2011w3
102,2011,4,184,65,2.1900001,3.1900001,0,0,US,2011w4
102,2011,5,119,75,2.29,2.5899999,0,0,US,2011w5
102,2011,6,156,74,2.29,2.5899999,0,0,US,2011w6
102,2011,7,94,112,2.99,2.49,0,0,US,2011w7
102,2011,8,128,89,2.99,3.1900001,0,0,US,2011w8
102,2011,9,225,69,2.1900001,2.99,1,0,US,2011w9
102,2011,10,89,128,2.99,2.49,0,0,US,2011w10
102,2011,11,115,134,2.79,2.49,0,0,US,2011w11
102,2011,12,160,71,2.1900001,2.5899999,0,0,US,2011w12
102,2011,13,144,87,2.79,3.1900001,0,0,US,2011w13
102,2011,14,121,105,2.1900001,2.29,0,0,US,2011w14
102,2011,15,216,77,2.29,2.99,1,0,US,2011w15
102,2011,16,136,83,2.29,2.49,0,0,US,2011w16
102,2011,17,84,138,2.79,2.29,0,1,US,2011w17
102,2011,18,110,110,2.99,2.5899999,0,0,US,2011w18
102,2011,19,92,107,2.99,2.5899999,0,0,US,2011w19
102,2011,20,100,191,2.99,2.49,0,1,US,2011w20
102,2011,21,156,58,2.1900001,3.1900001,0,0,US,2011w21
102,2011,22,86,141,2.99,2.29,0,0,US,2011w22
102,2011,23,95,113,2.49,2.29,0,0,US,2011w23
102,2011,24,162,73,2.49,3.1900001,0,0,US,2011w24
102,2011,25,173,80,2.29,2.49,1,0,US,2011w25
102,2011,26,120,130,2.99,3.1900001,0,1,US,2011w26
102,2011,27,150,81,2.1900001,2.5899999,0,0,US,2011w27
102,2011,28,150,87,2.29,2.5899999,0,0,US,2011w28
102,2011,29,177,66,2.1900001,3.1900001,0,0,US,2011w29
102,2011,30,157,73,2.29,2.99,0,0,US,2011w30
102,2011,31,108,148,2.49,2.49,0,1,US,2011w31
102,2011,32,124,85,2.99,3.1900001,0,0,US,2011w32
102,2011,33,107,107,2.49,2.29,0,0,US,2011w33
102,2011,34,102,97,2.49,2.49,0,0,US,2011w34
102,2011,35,84,119,2.99,2.5899999,0,0,US,2011w35
102,2011,36,167,61,2.1900001,3.1900001,0,0,US,2011w36
102,2011,37,166,69,2.29,3.1900001,0,0,US,2011w37
102,2011,38,96,150,2.99,2.29,0,0,US,2011w38
102,2011,39,99,126,2.49,2.29,0,0,US,2011w39
102,2011,40,123,113,2.79,2.5899999,0,0,US,2011w40
102,2011,41,128,85,2.1900001,2.49,0,0,US,2011w41
102,2011,42,141,107,2.99,3.1900001,0,0,US,2011w42
102,2011,43,130,78,2.79,3.1900001,0,0,US,2011w43
102,2011,44,110,98,2.99,2.5899999,0,0,US,2011w44
102,2011,45,111,94,2.49,2.49,0,0,US,2011w45
102,2011,46,128,98,2.79,3.1900001,0,0,US,2011w46
102,2011,47,105,79,2.29,2.49,0,0,US,2011w47
102,2011,48,96,124,2.99,2.29,0,0,US,2011w48
102,2011,49,106,92,2.99,2.5899999,0,0,US,2011w49
102,2011,50,136,101,2.49,2.5899999,0,0,US,2011w50
102,2011,51,166,75,2.29,2.99,0,0,US,2011w51
102,2011,52,183,83,2.49,3.1900001,0,0,US,2011w52
102,2012,1,98,90,2.29,2.29,0,0,US,2012w1
102,2012,2,238,71,2.29,3.1900001,1,0,US,2012w2
102,2012,3,136,93,2.29,2.5899999,0,0,US,2012w3
102,2012,4,123,97,2.99,3.1900001,0,0,US,2012w4
102,2012,5,135,107,2.1900001,2.5899999,0,1,US,2012w5
102,2012,6,131,91,2.79,3.1900001,0,0,US,2012w6
102,2012,7,183,117,2.29,3.1900001,0,1,US,2012w7
102,2012,8,107,79,2.79,2.99,0,0,US,2012w8
102,2012,9,146,94,2.1900001,2.29,0,0,US,2012w9
102,2012,10,134,108,2.99,3.1900001,0,1,US,2012w10
102,2012,11,105,122,2.49,2.29,0,0,US,2012w11
102,2012,12,131,85,2.1900001,2.29,0,0,US,2012w12
102,2012,13,123,105,2.1900001,2.29,0,0,US,2012w13
102,2012,14,115,121,2.79,2.5899999,0,0,US,2012w14
102,2012,15,132,134,2.29,2.5899999,0,1,US,2012w15
102,2012,16,166,70,2.29,2.99,0,0,US,2012w16
102,2012,17,136,101,2.79,2.99,0,0,US,2012w17
102,2012,18,124,99,2.29,2.5899999,0,0,US,2012w18
102,2012,19,193,70,2.1900001,3.1900001,0,0,US,2012w19
102,2012,20,125,138,2.79,2.49,0,0,US,2012w20
102,2012,21,145,88,2.29,2.49,0,0,US,2012w21
102,2012,22,163,72,2.1900001,2.99,0,0,US,2012w22
102,2012,23,143,95,2.1900001,2.5899999,0,0,US,2012w23
102,2012,24,147,94,2.79,2.99,0,0,US,2012w24
102,2012,25,109,112,2.49,2.29,0,0,US,2012w25
102,2012,26,116,135,2.99,2.49,0,0,US,2012w26
102,2012,27,127,99,2.79,3.1900001,0,0,US,2012w27
102,2012,28,89,122,2.99,2.49,0,0,US,2012w28
102,2012,29,119,111,2.79,2.5899999,0,0,US,2012w29
102,2012,30,174,99,2.49,2.49,1,0,US,2012w30
102,2012,31,121,89,2.1900001,2.49,0,0,US,2012w31
102,2012,32,132,93,2.29,2.5899999,0,0,US,2012w32
102,2012,33,142,86,2.1900001,2.5899999,0,0,US,2012w33
102,2012,34,104,136,2.79,2.29,0,0,US,2012w34
102,2012,35,122,85,2.79,3.1900001,0,0,US,2012w35
102,2012,36,169,84,2.49,3.1900001,0,0,US,2012w36
102,2012,37,163,67,2.29,3.1900001,0,0,US,2012w37
102,2012,38,186,77,2.29,2.99,0,0,US,2012w38
102,2012,39,95,142,2.79,2.29,0,0,US,2012w39
102,2012,40,116,131,2.1900001,2.29,0,1,US,2012w40
102,2012,41,129,84,2.49,3.1900001,0,0,US,2012w41
102,2012,42,137,90,2.1900001,2.29,0,0,US,2012w42
102,2012,43,127,111,2.49,2.49,0,0,US,2012w43
102,2012,44,201,93,2.49,3.1900001,1,0,US,2012w44
102,2012,45,175,80,2.29,3.1900001,0,0,US,2012w45
102,2012,46,167,69,2.29,2.99,0,0,US,2012w46
102,2012,47,174,105,2.1900001,2.29,1,0,US,2012w47
102,2012,48,130,86,2.79,3.1900001,0,0,US,2012w48
102,2012,49,138,86,2.29,2.49,0,0,US,2012w49
102,2012,50,157,81,2.29,2.99,0,0,US,2012w50
102,2012,51,141,111,2.29,2.29,0,0,US,2012w51
102,2012,52,129,92,2.79,2.99,0,0,US,2012w52
103,2011,1,109,107,2.99,2.99,0,0,US,2011w1
103,2011,2,117,107,2.99,2.99,0,0,US,2011w2
103,2011,3,158,135,2.49,2.99,0,1,US,2011w3
103,2011,4,133,76,2.1900001,2.49,0,0,US,2011w4
103,2011,5,159,119,2.29,2.5899999,0,1,US,2011w5
103,2011,6,106,101,2.49,2.5899999,0,0,US,2011w6
103,2011,7,154,57,2.29,2.99,0,0,US,2011w7
103,2011,8,142,133,2.29,2.49,0,1,US,2011w8
103,2011,9,125,112,2.49,2.29,1,0,US,2011w9
103,2011,10,122,102,2.49,2.29,0,0,US,2011w10
103,2011,11,154,79,2.1900001,2.5899999,0,0,US,2011w11
103,2011,12,88,133,2.99,2.29,0,0,US,2011w12
103,2011,13,120,96,2.1900001,2.29,0,0,US,2011w13
103,2011,14,160,117,2.29,2.5899999,0,1,US,2011w14
103,2011,15,153,90,2.29,2.49,1,0,US,2011w15
103,2011,16,111,87,2.29,2.49,0,0,US,2011w16
103,2011,17,131,98,2.79,2.99,0,0,US,2011w17
103,2011,18,145,74,2.1900001,2.5899999,0,0,US,2011w18
103,2011,19,154,90,2.49,2.5899999,1,0,US,2011w19
103,2011,20,87,155,2.79,2.49,0,1,US,2011w20
103,2011,21,122,95,2.49,2.49,0,0,US,2011w21
103,2011,22,122,97,2.29,2.5899999,0,0,US,2011w22
103,2011,23,126,112,2.1900001,2.29,0,0,US,2011w23
103,2011,24,187,120,2.1900001,2.49,1,1,US,2011w24
103,2011,25,147,100,2.49,2.99,0,1,US,2011w25
103,2011,26,148,65,2.29,2.99,0,0,US,2011w26
103,2011,27,110,118,2.99,3.1900001,0,0,US,2011w27
103,2011,28,156,87,2.29,2.5899999,0,0,US,2011w28
103,2011,29,118,101,2.99,3.1900001,0,0,US,2011w29
103,2011,30,214,91,2.1900001,2.49,1,0,US,2011w30
103,2011,31,124,91,2.29,2.29,0,0,US,2011w31
103,2011,32,126,100,2.29,2.29,0,0,US,2011w32
103,2011,33,165,95,2.49,2.99,0,0,US,2011w33
103,2011,34,100,168,2.79,2.29,0,1,US,2011w34
103,2011,35,132,76,2.29,2.5899999,0,0,US,2011w35
103,2011,36,111,111,2.79,2.5899999,0,0,US,2011w36
103,2011,37,141,110,2.79,3.1900001,0,1,US,2011w37
103,2011,38,177,87,2.29,2.5899999,1,0,US,2011w38
103,2011,39,122,132,2.79,3.1900001,0,1,US,2011w39
103,2011,40,99,130,2.99,2.49,0,0,US,2011w40
103,2011,41,85,127,2.79,2.29,0,0,US,2011w41
103,2011,42,98,169,2.79,2.29,0,1,US,2011w42
103,2011,43,134,98,2.1900001,2.29,0,0,US,2011w43
103,2011,44,106,113,2.79,2.5899999,0,0,US,2011w44
103,2011,45,173,123,2.1900001,2.5899999,0,1,US,2011w45
103,2011,46,138,72,2.49,2.99,0,0,US,2011w46
103,2011,47,146,76,2.79,3.1900001,0,0,US,2011w47
103,2011,48,120,92,2.99,3.1900001,0,0,US,2011w48
103,2011,49,119,102,2.29,2.29,0,0,US,2011w49
103,2011,50,129,118,2.29,2.49,0,1,US,2011w50
103,2011,51,193,75,2.1900001,3.1900001,0,0,US,2011w51
103,2011,52,112,123,2.29,2.49,0,1,US,2011w52
103,2012,1,115,88,2.49,2.49,0,0,US,2012w1
103,2012,2,162,84,2.49,2.99,0,0,US,2012w2
103,2012,3,110,148,2.79,2.49,0,1,US,2012w3
103,2012,4,154,64,2.29,2.99,0,0,US,2012w4
103,2012,5,156,139,2.29,2.49,0,1,US,2012w5
103,2012,6,101,93,2.99,2.5899999,0,0,US,2012w6
103,2012,7,124,98,2.79,2.5899999,0,0,US,2012w7
103,2012,8,120,94,2.29,2.5899999,0,0,US,2012w8
103,2012,9,154,81,2.1900001,2.49,0,0,US,2012w9
103,2012,10,125,161,2.79,2.29,1,1,US,2012w10
103,2012,11,119,98,2.79,3.1900001,0,0,US,2012w11
103,2012,12,81,136,2.99,2.29,0,0,US,2012w12
103,2012,13,142,74,2.29,2.99,0,0,US,2012w13
103,2012,14,142,77,2.49,2.99,0,0,US,2012w14
103,2012,15,177,98,2.79,3.1900001,1,0,US,2012w15
103,2012,16,118,93,2.79,3.1900001,0,0,US,2012w16
103,2012,17,148,62,2.49,3.1900001,0,0,US,2012w17
103,2012,18,135,76,2.49,2.5899999,0,0,US,2012w18
103,2012,19,99,159,2.99,2.49,0,1,US,2012w19
103,2012,20,103,118,2.79,2.29,0,0,US,2012w20
103,2012,21,194,94,2.29,3.1900001,0,1,US,2012w21
103,2012,22,108,104,2.49,2.29,0,0,US,2012w22
103,2012,23,133,83,2.79,3.1900001,0,0,US,2012w23
103,2012,24,169,64,2.1900001,2.99,0,0,US,2012w24
103,2012,25,168,61,2.1900001,3.1900001,0,0,US,2012w25
103,2012,26,119,114,2.29,2.29,0,0,US,2012w26
103,2012,27,194,110,2.1900001,2.5899999,1,1,US,2012w27
103,2012,28,137,78,2.1900001,2.5899999,0,0,US,2012w28
103,2012,29,182,91,2.99,2.99,1,0,US,2012w29
103,2012,30,119,87,2.99,3.1900001,0,0,US,2012w30
103,2012,31,170,68,2.1900001,2.99,0,0,US,2012w31
103,2012,32,112,120,2.79,2.49,0,0,US,2012w32
103,2012,33,112,106,2.99,3.1900001,0,0,US,2012w33
103,2012,34,148,78,2.49,2.99,0,0,US,2012w34
103,2012,35,90,125,2.99,2.29,0,0,US,2012w35
103,2012,36,188,98,2.1900001,2.5899999,0,0,US,2012w36
103,2012,37,161,100,2.79,2.5899999,1,0,US,2012w37
103,2012,38,150,111,2.79,3.1900001,0,1,US,2012w38
103,2012,39,145,110,2.29,2.29,0,0,US,2012w39
103,2012,40,131,85,2.49,2.5899999,0,0,US,2012w40
103,2012,41,162,113,2.49,2.5899999,0,0,US,2012w41
103,2012,42,164,87,2.1900001,3.1900001,0,1,US,2012w42
103,2012,43,117,101,2.49,2.29,0,0,US,2012w43
103,2012,44,164,83,2.1900001,3.1900001,0,0,US,2012w44
103,2012,45,101,151,2.79,2.49,0,1,US,2012w45
103,2012,46,143,121,2.99,3.1900001,1,1,US,2012w46
103,2012,47,127,105,2.99,3.1900001,0,0,US,2012w47
103,2012,48,139,98,2.79,3.1900001,0,0,US,2012w48
103,2012,49,151,80,2.79,3.1900001,0,0,US,2012w49
103,2012,50,108,111,2.79,2.5899999,0,0,US,2012w50
103,2012,51,167,79,2.29,2.5899999,0,0,US,2012w51
103,2012,52,162,70,2.29,2.99,0,0,US,2012w52
104,2011,1,152,78,2.1900001,2.99,0,0,DE,2011w1
104,2011,2,171,77,2.1900001,3.1900001,0,0,DE,2011w2
104,2011,3,119,139,2.79,3.1900001,0,1,DE,2011w3
104,2011,4,108,120,2.79,2.49,0,0,DE,2011w4
104,2011,5,102,138,2.99,2.29,0,0,DE,2011w5
104,2011,6,125,105,2.49,2.5899999,0,0,DE,2011w6
104,2011,7,123,109,2.79,3.1900001,0,0,DE,2011w7
104,2011,8,145,120,2.49,2.49,1,0,DE,2011w8
104,2011,9,134,95,2.1900001,2.29,0,0,DE,2011w9
104,2011,10,84,114,2.99,2.49,0,0,DE,2011w10
104,2011,11,125,96,2.49,2.5899999,0,0,DE,2011w11
104,2011,12,112,99,2.29,2.29,0,0,DE,2011w12
104,2011,13,114,102,2.29,2.29,0,0,DE,2011w13
104,2011,14,121,69,2.1900001,2.5899999,0,0,DE,2011w14
104,2011,15,156,86,2.49,3.1900001,0,0,DE,2011w15
104,2011,16,150,80,2.49,2.99,0,0,DE,2011w16
104,2011,17,125,125,2.1900001,2.49,0,1,DE,2011w17
104,2011,18,142,71,2.1900001,2.5899999,0,0,DE,2011w18
104,2011,19,93,136,2.79,2.29,0,0,DE,2011w19
104,2011,20,122,106,2.99,2.99,0,0,DE,2011w20
104,2011,21,120,116,2.99,2.5899999,0,0,DE,2011w21
104,2011,22,93,134,2.99,2.29,0,0,DE,2011w22
104,2011,23,181,60,2.1900001,2.99,0,0,DE,2011w23
104,2011,24,129,114,2.79,2.5899999,0,0,DE,2011w24
104,2011,25,142,89,2.1900001,2.5899999,0,0,DE,2011w25
104,2011,26,92,133,2.79,2.29,0,1,DE,2011w26
104,2011,27,115,91,2.79,2.99,0,0,DE,2011w27
104,2011,28,142,71,2.29,2.99,0,0,DE,2011w28
104,2011,29,153,88,2.99,3.1900001,0,0,DE,2011w29
104,2011,30,117,103,2.49,2.49,0,0,DE,2011w30
104,2011,31,127,90,2.29,2.49,0,0,DE,2011w31
104,2011,32,104,117,2.79,2.29,0,0,DE,2011w32
104,2011,33,144,100,2.79,3.1900001,0,0,DE,2011w33
104,2011,34,87,113,2.79,2.29,0,0,DE,2011w34
104,2011,35,92,124,2.99,2.29,0,0,DE,2011w35
104,2011,36,104,103,2.99,2.5899999,0,0,DE,2011w36
104,2011,37,130,98,2.99,2.99,0,0,DE,2011w37
104,2011,38,99,129,2.99,2.49,0,0,DE,2011w38
104,2011,39,111,97,2.49,2.49,0,0,DE,2011w39
104,2011,40,144,94,2.29,2.5899999,0,0,DE,2011w40
104,2011,41,120,133,2.79,2.99,0,1,DE,2011w41
104,2011,42,126,94,2.99,3.1900001,0,0,DE,2011w42
104,2011,43,183,63,2.1900001,3.1900001,0,0,DE,2011w43
104,2011,44,157,74,2.49,2.99,0,0,DE,2011w44
104,2011,45,100,97,2.79,2.5899999,0,0,DE,2011w45
104,2011,46,101,111,2.79,2.29,0,0,DE,2011w46
104,2011,47,182,60,2.1900001,3.1900001,0,0,DE,2011w47
104,2011,48,152,74,2.1900001,2.49,0,0,DE,2011w48
104,2011,49,138,81,2.49,2.99,0,0,DE,2011w49
104,2011,50,142,95,2.79,3.1900001,0,0,DE,2011w50
104,2011,51,149,136,2.29,2.5899999,0,1,DE,2011w51
104,2011,52,161,73,2.29,2.99,0,0,DE,2011w52
104,2012,1,109,99,2.99,3.1900001,0,0,DE,2012w1
104,2012,2,110,130,2.79,3.1900001,0,1,DE,2012w2
104,2012,3,153,94,2.29,2.5899999,0,0,DE,2012w3
104,2012,4,162,77,2.49,2.99,0,0,DE,2012w4
104,2012,5,129,101,2.99,3.1900001,0,0,DE,2012w5
104,2012,6,109,125,2.29,2.29,0,1,DE,2012w6
104,2012,7,108,116,2.99,2.49,0,0,DE,2012w7
104,2012,8,101,116,2.79,2.29,0,0,DE,2012w8
104,2012,9,145,76,2.79,3.1900001,0,0,DE,2012w9
104,2012,10,139,96,2.1900001,2.49,0,0,DE,2012w10
104,2012,11,140,96,2.99,3.1900001,0,0,DE,2012w11
104,2012,12,92,140,2.99,2.29,0,0,DE,2012w12
104,2012,13,115,130,2.99,2.5899999,0,0,DE,2012w13
104,2012,14,108,99,2.49,2.29,0,0,DE,2012w14
104,2012,15,193,67,2.29,3.1900001,0,0,DE,2012w15
104,2012,16,108,95,2.49,2.29,0,0,DE,2012w16
104,2012,17,140,72,2.29,2.99,0,0,DE,2012w17
104,2012,18,93,119,2.99,2.5899999,0,0,DE,2012w18
104,2012,19,120,102,2.49,2.49,0,0,DE,2012w19
104,2012,20,187,75,2.29,3.1900001,0,0,DE,2012w20
104,2012,21,106,115,2.99,2.5899999,0,0,DE,2012w21
104,2012,22,186,83,2.49,3.1900001,1,0,DE,2012w22
104,2012,23,150,87,2.1900001,2.5899999,0,0,DE,2012w23
104,2012,24,100,132,2.99,2.49,0,0,DE,2012w24
104,2012,25,203,79,2.1900001,2.99,0,0,DE,2012w25
104,2012,26,109,110,2.49,2.29,0,0,DE,2012w26
104,2012,27,133,85,2.29,2.5899999,0,0,DE,2012w27
104,2012,28,128,80,2.49,2.5899999,0,0,DE,2012w28
104,2012,29,143,109,2.1900001,2.49,0,0,DE,2012w29
104,2012,30,122,142,2.49,2.49,0,1,DE,2012w30
104,2012,31,108,97,2.99,3.1900001,0,0,DE,2012w31
104,2012,32,98,124,2.49,2.29,0,0,DE,2012w32
104,2012,33,145,73,2.79,3.1900001,0,0,DE,2012w33
104,2012,34,100,129,2.99,2.49,0,0,DE,2012w34
104,2012,35,198,100,2.29,3.1900001,1,1,DE,2012w35
104,2012,36,143,86,2.29,2.5899999,0,0,DE,2012w36
104,2012,37,115,120,2.79,2.5899999,0,0,DE,2012w37
104,2012,38,92,132,2.79,2.29,0,0,DE,2012w38
104,2012,39,189,67,2.1900001,3.1900001,0,0,DE,2012w39
104,2012,40,171,64,2.1900001,3.1900001,0,0,DE,2012w40
104,2012,41,125,95,2.29,2.29,0,0,DE,2012w41
104,2012,42,170,56,2.1900001,2.99,0,0,DE,2012w42
104,2012,43,138,76,2.49,2.5899999,0,0,DE,2012w43
104,2012,44,159,118,2.1900001,2.5899999,0,1,DE,2012w44
104,2012,45,138,83,2.29,2.5899999,0,0,DE,2012w45
104,2012,46,156,88,2.49,3.1900001,0,1,DE,2012w46
104,2012,47,174,81,2.29,2.99,0,0,DE,2012w47
104,2012,48,161,73,2.49,3.1900001,0,0,DE,2012w48
104,2012,49,76,133,2.99,2.29,0,0,DE,2012w49
104,2012,50,119,95,2.79,2.99,0,0,DE,2012w50
104,2012,51,159,79,2.1900001,3.1900001,0,0,DE,2012w51
104,2012,52,135,87,2.1900001,2.29,0,0,DE,2012w52
105,2011,1,96,110,2.79,2.29,0,0,DE,2011w1
105,2011,2,165,67,2.29,3.1900001,0,0,DE,2011w2
105,2011,3,120,74,2.49,2.99,0,0,DE,2011w3
105,2011,4,162,69,2.1900001,2.49,0,0,DE,2011w4
105,2011,5,140,117,2.29,2.29,1,0,DE,2011w5
105,2011,6,108,107,2.99,2.99,0,0,DE,2011w6
105,2011,7,126,105,2.79,2.5899999,0,0,DE,2011w7
105,2011,8,137,94,2.49,2.5899999,0,0,DE,2011w8
105,2011,9,135,78,2.1900001,2.5899999,0,0,DE,2011w9
105,2011,10,123,81,2.1900001,2.5899999,0,0,DE,2011w10
105,2011,11,109,144,2.1900001,2.29,0,1,DE,2011w11
105,2011,12,138,91,2.29,2.5899999,0,0,DE,2011w12
105,2011,13,118,85,2.1900001,2.49,0,0,DE,2011w13
105,2011,14,170,77,2.29,3.1900001,0,0,DE,2011w14
105,2011,15,117,130,2.79,2.49,0,0,DE,2011w15
105,2011,16,83,122,2.99,2.29,0,0,DE,2011w16
105,2011,17,162,73,2.29,3.1900001,0,0,DE,2011w17
105,2011,18,112,115,2.79,2.49,0,0,DE,2011w18
105,2011,19,187,74,2.29,2.99,0,0,DE,2011w19
105,2011,20,113,114,2.99,2.49,0,0,DE,2011w20
105,2011,21,157,74,2.1900001,2.99,0,0,DE,2011w21
105,2011,22,126,94,2.49,2.49,1,0,DE,2011w22
105,2011,23,125,77,2.49,2.5899999,0,0,DE,2011w23
105,2011,24,127,117,2.79,2.5899999,0,0,DE,2011w24
105,2011,25,120,104,2.99,2.5899999,1,0,DE,2011w25
105,2011,26,85,108,2.99,2.49,0,0,DE,2011w26
105,2011,27,114,170,2.79,2.49,0,1,DE,2011w27
105,2011,28,127,101,2.29,2.5899999,0,0,DE,2011w28
105,2011,29,173,101,2.79,2.5899999,1,0,DE,2011w29
105,2011,30,112,118,2.79,2.49,0,0,DE,2011w30
105,2011,31,158,126,2.99,3.1900001,1,1,DE,2011w31
105,2011,32,130,102,2.29,2.29,0,0,DE,2011w32
105,2011,33,95,104,2.49,2.49,0,0,DE,2011w33
105,2011,34,110,110,2.29,2.29,0,0,DE,2011w34
105,2011,35,137,88,2.99,2.99,1,0,DE,2011w35
105,2011,36,174,87,2.1900001,3.1900001,0,1,DE,2011w36
105,2011,37,127,91,2.99,3.1900001,0,0,DE,2011w37
105,2011,38,103,115,2.1900001,2.29,0,1,DE,2011w38
105,2011,39,103,116,2.49,2.29,0,0,DE,2011w39
105,2011,40,155,70,2.29,3.1900001,0,0,DE,2011w40
105,2011,41,97,89,2.29,2.29,0,0,DE,2011w41
105,2011,42,104,142,2.99,2.29,0,0,DE,2011w42
105,2011,43,129,77,2.29,2.5899999,0,0,DE,2011w43
105,2011,44,181,87,2.1900001,2.29,1,0,DE,2011w44
105,2011,45,119,195,2.79,2.29,0,1,DE,2011w45
105,2011,46,154,70,2.29,2.99,0,0,DE,2011w46
105,2011,47,108,113,2.79,2.5899999,0,0,DE,2011w47
105,2011,48,148,113,2.99,3.1900001,0,0,DE,2011w48
105,2011,49,130,84,2.49,2.29,0,0,DE,2011w49
105,2011,50,122,101,2.99,2.99,0,0,DE,2011w50
105,2011,51,137,95,2.1900001,2.29,0,0,DE,2011w51
105,2011,52,140,89,2.29,2.5899999,0,0,DE,2011w52
105,2012,1,216,69,2.49,2.99,1,0,DE,2012w1
105,2012,2,99,111,2.99,2.49,0,0,DE,2012w2
105,2012,3,111,102,2.49,2.49,0,0,DE,2012w3
105,2012,4,180,99,2.1900001,3.1900001,0,1,DE,2012w4
105,2012,5,127,96,2.99,3.1900001,0,0,DE,2012w5
105,2012,6,114,98,2.49,2.49,0,0,DE,2012w6
105,2012,7,151,89,2.1900001,2.49,0,0,DE,2012w7
105,2012,8,158,79,2.29,2.5899999,0,0,DE,2012w8
105,2012,9,151,80,2.29,2.5899999,0,0,DE,2012w9
105,2012,10,104,116,2.79,2.29,0,0,DE,2012w10
105,2012,11,144,106,2.79,2.99,0,0,DE,2012w11
105,2012,12,139,96,2.49,3.1900001,0,1,DE,2012w12
105,2012,13,173,144,2.79,2.99,0,1,DE,2012w13
105,2012,14,132,83,2.49,2.49,0,0,DE,2012w14
105,2012,15,109,82,2.99,3.1900001,0,0,DE,2012w15
105,2012,16,134,91,2.49,2.5899999,0,0,DE,2012w16
105,2012,17,113,108,2.29,2.29,0,0,DE,2012w17
105,2012,18,147,94,2.1900001,2.29,0,0,DE,2012w18
105,2012,19,127,93,2.99,2.99,1,0,DE,2012w19
105,2012,20,92,127,2.79,2.29,0,0,DE,2012w20
105,2012,21,138,91,2.49,2.5899999,0,0,DE,2012w21
105,2012,22,119,90,2.49,2.5899999,0,0,DE,2012w22
105,2012,23,105,170,2.99,2.5899999,0,1,DE,2012w23
105,2012,24,86,133,2.99,2.29,0,0,DE,2012w24
105,2012,25,96,198,2.99,2.29,0,1,DE,2012w25
105,2012,26,111,73,2.79,3.1900001,0,0,DE,2012w26
105,2012,27,123,108,2.49,2.5899999,0,1,DE,2012w27
105,2012,28,188,66,2.49,2.99,1,0,DE,2012w28
105,2012,29,154,71,2.29,2.99,0,0,DE,2012w29
105,2012,30,110,150,2.79,2.5899999,0,1,DE,2012w30
105,2012,31,115,98,2.29,2.29,0,0,DE,2012w31
105,2012,32,152,68,2.29,2.99,0,0,DE,2012w32
105,2012,33,170,100,2.99,2.99,1,0,DE,2012w33
105,2012,34,111,101,2.49,2.49,0,0,DE,2012w34
105,2012,35,113,162,2.99,2.5899999,0,1,DE,2012w35
105,2012,36,157,90,2.29,2.5899999,0,0,DE,2012w36
105,2012,37,111,87,2.49,2.49,0,0,DE,2012w37
105,2012,38,143,118,2.79,2.49,1,0,DE,2012w38
105,2012,39,113,95,2.1900001,2.29,0,0,DE,2012w39
105,2012,40,92,126,2.79,2.5899999,0,0,DE,2012w40
105,2012,41,136,102,2.1900001,2.29,0,0,DE,2012w41
105,2012,42,148,87,2.49,3.1900001,0,0,DE,2012w42
105,2012,43,120,84,2.49,2.49,0,0,DE,2012w43
105,2012,44,163,74,2.29,2.99,0,0,DE,2012w44
105,2012,45,113,97,2.79,3.1900001,0,0,DE,2012w45
105,2012,46,103,182,2.79,2.29,0,1,DE,2012w46
105,2012,47,121,114,2.79,2.5899999,0,0,DE,2012w47
105,2012,48,90,126,2.99,2.49,0,0,DE,2012w48
105,2012,49,159,75,2.29,2.99,0,0,DE,2012w49
105,2012,50,121,100,2.79,2.99,0,0,DE,2012w50
105,2012,51,115,112,2.49,2.49,0,0,DE,2012w51
105,2012,52,106,88,2.99,3.1900001,0,0,DE,2012w52
106,2011,1,117,87,2.49,2.49,0,0,DE,2011w1
106,2011,2,85,113,2.99,2.29,0,0,DE,2011w2
106,2011,3,136,157,2.79,2.29,1,1,DE,2011w3
106,2011,4,99,115,2.79,2.29,0,0,DE,2011w4
106,2011,5,136,80,2.49,2.99,0,0,DE,2011w5
106,2011,6,115,132,2.99,3.1900001,0,1,DE,2011w6
106,2011,7,138,87,2.29,2.5899999,0,0,DE,2011w7
106,2011,8,100,117,2.79,2.29,0,0,DE,2011w8
106,2011,9,113,90,2.29,2.29,0,0,DE,2011w9
106,2011,10,145,108,2.1900001,2.29,1,0,DE,2011w10
106,2011,11,91,104,2.99,2.29,0,0,DE,2011w11
106,2011,12,148,90,2.79,3.1900001,0,0,DE,2011w12
106,2011,13,117,106,2.29,2.29,0,0,DE,2011w13
106,2011,14,101,114,2.79,2.49,0,0,DE,2011w14
106,2011,15,263,87,2.1900001,3.1900001,1,1,DE,2011w15
106,2011,16,93,118,2.79,2.5899999,0,0,DE,2011w16
106,2011,17,132,98,2.49,2.49,0,0,DE,2011w17
106,2011,18,183,87,2.29,2.5899999,1,0,DE,2011w18
106,2011,19,141,76,2.1900001,2.29,0,0,DE,2011w19
106,2011,20,141,90,2.49,2.5899999,0,0,DE,2011w20
106,2011,21,132,82,2.79,2.99,0,0,DE,2011w21
106,2011,22,127,157,2.79,3.1900001,0,1,DE,2011w22
106,2011,23,103,101,2.49,2.29,0,0,DE,2011w23
106,2011,24,141,89,2.79,2.99,0,0,DE,2011w24
106,2011,25,158,106,2.49,2.99,0,1,DE,2011w25
106,2011,26,163,62,2.1900001,2.99,0,0,DE,2011w26
106,2011,27,112,157,2.49,2.5899999,0,1,DE,2011w27
106,2011,28,209,73,2.49,3.1900001,1,0,DE,2011w28
106,2011,29,108,166,2.49,2.29,0,1,DE,2011w29
106,2011,30,129,98,2.49,2.5899999,0,0,DE,2011w30
106,2011,31,119,97,2.99,3.1900001,0,0,DE,2011w31
106,2011,32,134,90,2.29,2.5899999,0,0,DE,2011w32
106,2011,33,149,51,2.29,3.1900001,0,0,DE,2011w33
106,2011,34,115,113,2.79,2.5899999,0,0,DE,2011w34
106,2011,35,168,75,2.1900001,3.1900001,0,0,DE,2011w35
106,2011,36,107,114,2.49,2.29,0,0,DE,2011w36
106,2011,37,160,65,2.1900001,2.99,0,0,DE,2011w37
106,2011,38,118,112,2.49,2.29,0,0,DE,2011w38
106,2011,39,101,174,2.79,2.49,0,1,DE,2011w39
106,2011,40,138,91,2.1900001,2.49,0,0,DE,2011w40
106,2011,41,164,104,2.49,3.1900001,0,1,DE,2011w41
106,2011,42,88,102,2.99,2.5899999,0,0,DE,2011w42
106,2011,43,100,113,2.79,2.5899999,0,0,DE,2011w43
106,2011,44,153,80,2.29,2.99,0,0,DE,2011w44
106,2011,45,119,111,2.79,2.5899999,0,0,DE,2011w45
106,2011,46,87,162,2.79,2.29,0,1,DE,2011w46
106,2011,47,199,57,2.1900001,3.1900001,0,0,DE,2011w47
106,2011,48,114,96,2.49,2.49,0,0,DE,2011w48
106,2011,49,129,69,2.1900001,2.5899999,0,0,DE,2011w49
106,2011,50,135,123,2.1900001,2.5899999,0,1,DE,2011w50
106,2011,51,134,82,2.1900001,2.5899999,0,0,DE,2011w51
106,2011,52,131,86,2.29,2.49,0,0,DE,2011w52
106,2012,1,181,70,2.49,3.1900001,0,0,DE,2012w1
106,2012,2,119,108,2.49,2.49,0,0,DE,2012w2
106,2012,3,140,148,2.99,3.1900001,0,1,DE,2012w3
106,2012,4,118,116,2.1900001,2.49,0,1,DE,2012w4
106,2012,5,103,100,2.79,2.49,0,0,DE,2012w5
106,2012,6,180,128,2.1900001,2.99,0,1,DE,2012w6
106,2012,7,190,68,2.1900001,3.1900001,0,0,DE,2012w7
106,2012,8,100,156,2.99,2.5899999,0,1,DE,2012w8
106,2012,9,111,96,2.49,2.29,0,0,DE,2012w9
106,2012,10,81,162,2.99,2.29,0,1,DE,2012w10
106,2012,11,104,136,2.1900001,2.29,0,1,DE,2012w11
106,2012,12,109,119,2.79,2.5899999,0,0,DE,2012w12
106,2012,13,114,121,2.49,2.29,0,0,DE,2012w13
106,2012,14,152,89,2.1900001,2.49,0,0,DE,2012w14
106,2012,15,151,88,2.1900001,2.5899999,0,0,DE,2012w15
106,2012,16,135,96,2.79,2.99,0,0,DE,2012w16
106,2012,17,163,75,2.29,2.99,0,0,DE,2012w17
106,2012,18,176,77,2.29,3.1900001,0,0,DE,2012w18
106,2012,19,171,60,2.1900001,3.1900001,0,0,DE,2012w19
106,2012,20,102,91,2.99,3.1900001,0,0,DE,2012w20
106,2012,21,164,72,2.1900001,3.1900001,0,0,DE,2012w21
106,2012,22,99,93,2.79,2.5899999,0,0,DE,2012w22
106,2012,23,134,125,2.29,2.5899999,0,1,DE,2012w23
106,2012,24,115,87,2.79,2.5899999,0,0,DE,2012w24
106,2012,25,168,77,2.29,3.1900001,0,0,DE,2012w25
106,2012,26,117,106,2.49,2.49,0,0,DE,2012w26
106,2012,27,124,87,2.29,2.5899999,0,0,DE,2012w27
106,2012,28,120,155,2.99,2.99,0,1,DE,2012w28
106,2012,29,111,94,2.99,3.1900001,0,0,DE,2012w29
106,2012,30,173,92,2.49,2.5899999,1,0,DE,2012w30
106,2012,31,136,81,2.49,3.1900001,0,0,DE,2012w31
106,2012,32,119,87,2.1900001,2.29,0,0,DE,2012w32
106,2012,33,148,91,2.79,3.1900001,0,0,DE,2012w33
106,2012,34,92,108,2.99,2.5899999,0,0,DE,2012w34
106,2012,35,186,74,2.1900001,3.1900001,0,0,DE,2012w35
106,2012,36,165,91,2.29,2.5899999,0,0,DE,2012w36
106,2012,37,132,146,2.79,2.29,1,0,DE,2012w37
106,2012,38,141,72,2.29,2.5899999,0,0,DE,2012w38
106,2012,39,128,84,2.1900001,2.5899999,0,0,DE,2012w39
106,2012,40,163,60,2.1900001,2.99,0,0,DE,2012w40
106,2012,41,101,112,2.49,2.29,0,0,DE,2012w41
106,2012,42,151,117,2.49,3.1900001,0,1,DE,2012w42
106,2012,43,127,116,2.99,2.5899999,1,0,DE,2012w43
106,2012,44,131,103,2.29,2.49,0,0,DE,2012w44
106,2012,45,120,92,2.29,2.49,0,1,DE,2012w45
106,2012,46,109,93,2.79,2.5899999,0,0,DE,2012w46
106,2012,47,137,113,2.79,2.5899999,1,0,DE,2012w47
106,2012,48,139,90,2.79,2.99,0,0,DE,2012w48
106,2012,49,170,74,2.49,2.99,0,0,DE,2012w49
106,2012,50,114,144,2.1900001,2.29,0,1,DE,2012w50
106,2012,51,161,80,2.49,3.1900001,0,0,DE,2012w51
106,2012,52,182,68,2.1900001,3.1900001,0,0,DE,2012w52
107,2011,1,131,126,2.79,2.29,1,0,DE,2011w1
107,2011,2,104,123,2.79,2.49,0,0,DE,2011w2
107,2011,3,126,113,2.99,3.1900001,0,1,DE,2011w3
107,2011,4,124,88,2.29,2.49,0,0,DE,2011w4
107,2011,5,143,142,2.29,2.5899999,0,1,DE,2011w5
107,2011,6,119,90,2.79,2.99,0,0,DE,2011w6
107,2011,7,108,192,2.99,2.29,1,1,DE,2011w7
107,2011,8,129,87,2.29,2.5899999,0,0,DE,2011w8
107,2011,9,124,89,2.29,2.49,0,0,DE,2011w9
107,2011,10,174,63,2.1900001,2.99,0,0,DE,2011w10
107,2011,11,112,158,2.49,2.49,0,1,DE,2011w11
107,2011,12,144,86,2.1900001,2.49,0,0,DE,2011w12
107,2011,13,101,97,2.79,2.49,0,0,DE,2011w13
107,2011,14,149,104,2.29,2.29,1,0,DE,2011w14
107,2011,15,116,118,2.29,2.29,0,1,DE,2011w15
107,2011,16,102,136,2.99,2.29,0,0,DE,2011w16
107,2011,17,144,69,2.49,3.1900001,0,0,DE,2011w17
107,2011,18,124,131,2.29,2.29,0,1,DE,2011w18
107,2011,19,140,90,2.29,2.49,0,0,DE,2011w19
107,2011,20,131,92,2.49,2.5899999,0,0,DE,2011w20
107,2011,21,154,80,2.49,2.99,0,0,DE,2011w21
107,2011,22,198,77,2.49,3.1900001,1,0,DE,2011w22
107,2011,23,114,100,2.29,2.49,0,0,DE,2011w23
107,2011,24,140,88,2.29,3.1900001,0,0,DE,2011w24
107,2011,25,146,98,2.1900001,2.49,0,0,DE,2011w25
107,2011,26,135,100,2.1900001,2.29,0,0,DE,2011w26
107,2011,27,143,78,2.1900001,2.5899999,0,0,DE,2011w27
107,2011,28,142,59,2.49,3.1900001,0,0,DE,2011w28
107,2011,29,127,124,2.99,2.5899999,1,0,DE,2011w29
107,2011,30,105,136,2.99,2.5899999,0,1,DE,2011w30
107,2011,31,124,131,2.49,2.5899999,0,1,DE,2011w31
107,2011,32,121,85,2.1900001,2.29,0,0,DE,2011w32
107,2011,33,101,109,2.99,2.5899999,0,0,DE,2011w33
107,2011,34,132,94,2.49,2.99,0,0,DE,2011w34
107,2011,35,170,94,2.29,2.5899999,1,0,DE,2011w35
107,2011,36,130,86,2.29,2.29,0,0,DE,2011w36
107,2011,37,107,118,2.99,2.5899999,0,0,DE,2011w37
107,2011,38,173,87,2.29,2.99,0,0,DE,2011w38
107,2011,39,133,100,2.29,2.5899999,0,0,DE,2011w39
107,2011,40,134,98,2.79,3.1900001,0,0,DE,2011w40
107,2011,41,92,136,2.99,2.29,0,0,DE,2011w41
107,2011,42,148,73,2.1900001,2.5899999,0,0,DE,2011w42
107,2011,43,106,127,2.99,2.5899999,0,0,DE,2011w43
107,2011,44,177,94,2.29,2.5899999,1,0,DE,2011w44
107,2011,45,117,118,2.1900001,2.5899999,0,1,DE,2011w45
107,2011,46,123,82,2.1900001,2.29,0,0,DE,2011w46
107,2011,47,177,108,2.29,2.99,0,1,DE,2011w47
107,2011,48,115,107,2.29,2.29,0,0,DE,2011w48
107,2011,49,105,74,2.79,2.99,0,0,DE,2011w49
107,2011,50,119,111,2.99,2.99,0,0,DE,2011w50
107,2011,51,126,102,2.79,2.5899999,0,0,DE,2011w51
107,2011,52,139,81,2.1900001,2.49,0,0,DE,2011w52
107,2012,1,88,100,2.79,2.5899999,0,0,DE,2012w1
107,2012,2,139,83,2.1900001,2.49,0,0,DE,2012w2
107,2012,3,127,110,2.79,3.1900001,0,1,DE,2012w3
107,2012,4,127,84,2.29,2.5899999,0,0,DE,2012w4
107,2012,5,105,114,2.49,2.29,0,0,DE,2012w5
107,2012,6,96,99,2.49,2.29,0,0,DE,2012w6
107,2012,7,135,88,2.99,3.1900001,0,0,DE,2012w7
107,2012,8,172,74,2.29,3.1900001,0,0,DE,2012w8
107,2012,9,99,136,2.79,2.29,0,0,DE,2012w9
107,2012,10,129,99,2.49,2.49,0,0,DE,2012w10
107,2012,11,145,72,2.49,2.99,0,0,DE,2012w11
107,2012,12,179,69,2.49,3.1900001,0,0,DE,2012w12
107,2012,13,127,137,2.99,2.99,0,1,DE,2012w13
107,2012,14,114,84,2.29,2.29,0,0,DE,2012w14
107,2012,15,148,85,2.1900001,2.49,0,0,DE,2012w15
107,2012,16,159,101,2.49,2.49,1,0,DE,2012w16
107,2012,17,127,127,2.99,2.5899999,0,0,DE,2012w17
107,2012,18,126,123,2.49,2.49,0,0,DE,2012w18
107,2012,19,147,77,2.49,2.99,0,0,DE,2012w19
107,2012,20,138,87,2.29,2.49,0,0,DE,2012w20
107,2012,21,159,91,2.29,2.99,0,0,DE,2012w21
107,2012,22,167,89,2.29,2.99,0,0,DE,2012w22
107,2012,23,138,81,2.99,2.99,0,0,DE,2012w23
107,2012,24,96,92,2.49,2.49,0,0,DE,2012w24
107,2012,25,132,81,2.1900001,2.49,0,0,DE,2012w25
107,2012,26,167,99,2.29,2.29,1,0,DE,2012w26
107,2012,27,126,88,2.79,3.1900001,0,0,DE,2012w27
107,2012,28,114,97,2.99,2.99,0,0,DE,2012w28
107,2012,29,153,65,2.1900001,2.99,0,0,DE,2012w29
107,2012,30,143,103,2.49,2.5899999,0,1,DE,2012w30
107,2012,31,153,81,2.1900001,2.99,0,0,DE,2012w31
107,2012,32,123,87,2.79,2.99,0,0,DE,2012w32
107,2012,33,110,86,2.99,2.99,0,0,DE,2012w33
107,2012,34,121,105,2.49,2.29,0,0,DE,2012w34
107,2012,35,104,127,2.99,2.49,0,0,DE,2012w35
107,2012,36,170,82,2.49,2.99,0,0,DE,2012w36
107,2012,37,138,105,2.1900001,2.29,0,0,DE,2012w37
107,2012,38,153,88,2.1900001,2.49,0,0,DE,2012w38
107,2012,39,107,115,2.79,2.5899999,0,0,DE,2012w39
107,2012,40,153,71,2.1900001,2.99,0,0,DE,2012w40
107,2012,41,138,78,2.1900001,2.29,0,0,DE,2012w41
107,2012,42,93,122,2.79,2.29,0,0,DE,2012w42
107,2012,43,119,105,2.29,2.29,0,0,DE,2012w43
107,2012,44,161,63,2.49,3.1900001,0,0,DE,2012w44
107,2012,45,176,72,2.1900001,3.1900001,0,0,DE,2012w45
107,2012,46,113,93,2.49,2.29,0,0,DE,2012w46
107,2012,47,216,63,2.1900001,3.1900001,0,0,DE,2012w47
107,2012,48,177,75,2.29,2.99,0,0,DE,2012w48
107,2012,49,148,68,2.29,2.99,0,0,DE,2012w49
107,2012,50,115,96,2.99,3.1900001,0,0,DE,2012w50
107,2012,51,133,98,2.99,2.99,0,0,DE,2012w51
107,2012,52,155,65,2.29,3.1900001,0,0,DE,2012w52
108,2011,1,123,92,2.49,2.5899999,0,0,DE,2011w1
108,2011,2,82,96,2.79,2.49,0,0,DE,2011w2
108,2011,3,137,80,2.49,3.1900001,0,0,DE,2011w3
108,2011,4,134,104,2.79,2.99,0,0,DE,2011w4
108,2011,5,167,92,2.29,2.49,1,0,DE,2011w5
108,2011,6,155,94,2.1900001,2.49,0,0,DE,2011w6
108,2011,7,161,66,2.29,3.1900001,0,0,DE,2011w7
108,2011,8,150,114,2.49,3.1900001,0,1,DE,2011w8
108,2011,9,128,121,2.49,2.5899999,0,0,DE,2011w9
108,2011,10,117,87,2.29,2.49,0,0,DE,2011w10
108,2011,11,163,92,2.29,2.99,0,0,DE,2011w11
108,2011,12,165,90,2.49,2.49,1,0,DE,2011w12
108,2011,13,152,102,2.29,2.29,1,0,DE,2011w13
108,2011,14,109,102,2.79,2.49,0,0,DE,2011w14
108,2011,15,160,125,2.29,2.29,0,0,DE,2011w15
108,2011,16,106,119,2.99,2.5899999,0,0,DE,2011w16
108,2011,17,189,82,2.29,2.5899999,1,0,DE,2011w17
108,2011,18,131,113,2.79,2.99,0,0,DE,2011w18
108,2011,19,112,96,2.49,2.5899999,0,0,DE,2011w19
108,2011,20,142,86,2.29,2.49,0,0,DE,2011w20
108,2011,21,150,119,2.1900001,2.49,0,1,DE,2011w21
108,2011,22,138,103,2.1900001,2.5899999,0,1,DE,2011w22
108,2011,23,124,95,2.49,2.5899999,0,0,DE,2011w23
108,2011,24,163,64,2.29,2.99,0,0,DE,2011w24
108,2011,25,138,83,2.49,3.1900001,0,0,DE,2011w25
108,2011,26,122,106,2.99,2.99,0,0,DE,2011w26
108,2011,27,145,90,2.1900001,2.49,0,0,DE,2011w27
108,2011,28,141,100,2.99,2.49,1,0,DE,2011w28
108,2011,29,173,86,2.29,2.49,1,0,DE,2011w29
108,2011,30,147,84,2.49,2.5899999,0,0,DE,2011w30
108,2011,31,97,140,2.99,2.49,0,0,DE,2011w31
108,2011,32,132,154,2.99,3.1900001,0,1,DE,2011w32
108,2011,33,123,80,2.1900001,2.5899999,0,0,DE,2011w33
108,2011,34,145,100,2.79,3.1900001,0,0,DE,2011w34
108,2011,35,93,116,2.79,2.29,0,0,DE,2011w35
108,2011,36,230,69,2.1900001,2.99,1,0,DE,2011w36
108,2011,37,101,102,2.79,2.99,0,1,DE,2011w37
108,2011,38,103,120,2.99,2.49,0,0,DE,2011w38
108,2011,39,89,103,2.79,2.5899999,0,0,DE,2011w39
108,2011,40,115,103,2.99,2.5899999,0,0,DE,2011w40
108,2011,41,122,79,2.79,3.1900001,0,0,DE,2011w41
108,2011,42,94,160,2.99,2.49,0,0,DE,2011w42
108,2011,43,108,92,2.49,2.49,0,0,DE,2011w43
108,2011,44,80,124,2.99,2.29,0,0,DE,2011w44
108,2011,45,156,85,2.1900001,2.5899999,0,0,DE,2011w45
108,2011,46,154,66,2.29,3.1900001,0,0,DE,2011w46
108,2011,47,132,154,2.49,2.29,1,1,DE,2011w47
108,2011,48,116,125,2.29,2.5899999,0,1,DE,2011w48
108,2011,49,168,63,2.1900001,2.5899999,1,0,DE,2011w49
108,2011,50,119,125,2.99,2.5899999,0,0,DE,2011w50
108,2011,51,152,126,2.49,3.1900001,0,1,DE,2011w51
108,2011,52,157,75,2.29,2.99,0,0,DE,2011w52
108,2012,1,162,92,2.29,2.99,0,1,DE,2012w1
108,2012,2,137,91,2.79,3.1900001,0,0,DE,2012w2
108,2012,3,113,105,2.1900001,2.29,0,0,DE,2012w3
108,2012,4,114,111,2.79,2.49,0,0,DE,2012w4
108,2012,5,135,129,2.79,2.5899999,1,0,DE,2012w5
108,2012,6,99,101,2.1900001,2.29,0,0,DE,2012w6
108,2012,7,133,90,2.29,2.5899999,0,0,DE,2012w7
108,2012,8,193,76,2.1900001,3.1900001,0,0,DE,2012w8
108,2012,9,105,197,2.79,2.29,0,1,DE,2012w9
108,2012,10,117,80,2.99,3.1900001,0,0,DE,2012w10
108,2012,11,164,80,2.79,3.1900001,1,0,DE,2012w11
108,2012,12,81,115,2.99,2.29,0,0,DE,2012w12
108,2012,13,80,182,2.79,2.49,0,1,DE,2012w13
108,2012,14,125,140,2.49,2.5899999,0,1,DE,2012w14
108,2012,15,109,91,2.49,2.49,0,0,DE,2012w15
108,2012,16,136,98,2.79,3.1900001,0,0,DE,2012w16
108,2012,17,114,92,2.1900001,2.29,0,0,DE,2012w17
108,2012,18,149,121,2.79,3.1900001,0,1,DE,2012w18
108,2012,19,112,97,2.29,2.29,0,0,DE,2012w19
108,2012,20,146,86,2.29,2.49,0,0,DE,2012w20
108,2012,21,143,131,2.49,2.5899999,0,1,DE,2012w21
108,2012,22,116,120,2.79,2.5899999,0,0,DE,2012w22
108,2012,23,162,86,2.1900001,2.29,0,0,DE,2012w23
108,2012,24,137,110,2.29,2.99,0,1,DE,2012w24
108,2012,25,236,59,2.29,3.1900001,1,0,DE,2012w25
108,2012,26,145,85,2.1900001,2.49,0,0,DE,2012w26
108,2012,27,120,85,2.49,2.99,0,0,DE,2012w27
108,2012,28,160,98,2.79,2.5899999,1,0,DE,2012w28
108,2012,29,106,128,2.99,2.5899999,1,0,DE,2012w29
108,2012,30,169,92,2.79,3.1900001,0,0,DE,2012w30
108,2012,31,130,82,2.79,2.99,0,0,DE,2012w31
108,2012,32,131,79,2.1900001,2.49,0,0,DE,2012w32
108,2012,33,117,106,2.79,2.49,0,0,DE,2012w33
108,2012,34,146,59,2.29,2.99,0,0,DE,2012w34
108,2012,35,97,109,2.99,2.49,0,0,DE,2012w35
108,2012,36,169,74,2.29,2.99,0,0,DE,2012w36
108,2012,37,126,122,2.49,2.29,0,0,DE,2012w37
108,2012,38,107,97,2.49,2.5899999,0,0,DE,2012w38
108,2012,39,121,100,2.99,2.99,0,0,DE,2012w39
108,2012,40,211,66,2.1900001,3.1900001,1,0,DE,2012w40
108,2012,41,99,146,2.99,2.29,0,0,DE,2012w41
108,2012,42,168,72,2.1900001,2.5899999,0,0,DE,2012w42
108,2012,43,106,114,2.49,2.29,0,0,DE,2012w43
108,2012,44,159,80,2.1900001,2.99,0,0,DE,2012w44
108,2012,45,144,159,2.99,2.49,1,1,DE,2012w45
108,2012,46,129,90,2.99,3.1900001,0,0,DE,2012w46
108,2012,47,104,108,2.79,2.5899999,0,0,DE,2012w47
108,2012,48,127,103,2.99,2.5899999,0,0,DE,2012w48
108,2012,49,113,140,2.1900001,2.29,0,1,DE,2012w49
108,2012,50,120,116,2.99,2.49,0,0,DE,2012w50
108,2012,51,131,102,2.79,2.5899999,1,0,DE,2012w51
108,2012,52,121,119,2.49,2.5899999,0,1,DE,2012w52
109,2011,1,123,87,2.1900001,2.49,0,0,GB,2011w1
109,2011,2,161,69,2.29,2.99,0,0,GB,2011w2
109,2011,3,124,116,2.99,2.5899999,0,0,GB,2011w3
109,2011,4,88,92,2.49,2.49,0,0,GB,2011w4
109,2011,5,149,80,2.29,2.5899999,0,0,GB,2011w5
109,2011,6,119,97,2.49,2.49,0,0,GB,2011w6
109,2011,7,149,67,2.29,3.1900001,0,0,GB,2011w7
109,2011,8,101,128,2.99,2.5899999,0,0,GB,2011w8
109,2011,9,164,86,2.29,2.49,0,0,GB,2011w9
109,2011,10,183,61,2.1900001,3.1900001,0,0,GB,2011w10
109,2011,11,168,76,2.29,3.1900001,0,0,GB,2011w11
109,2011,12,104,122,2.49,2.29,0,0,GB,2011w12
109,2011,13,118,124,2.99,2.5899999,0,0,GB,2011w13
109,2011,14,119,110,2.99,2.99,0,0,GB,2011w14
109,2011,15,125,81,2.1900001,2.5899999,0,0,GB,2011w15
109,2011,16,117,86,2.79,3.1900001,0,0,GB,2011w16
109,2011,17,132,89,2.49,2.99,0,0,GB,2011w17
109,2011,18,104,77,2.79,2.99,0,0,GB,2011w18
109,2011,19,83,201,2.79,2.29,0,1,GB,2011w19
109,2011,20,112,121,2.99,2.5899999,0,0,GB,2011w20
109,2011,21,91,138,2.99,2.29,0,0,GB,2011w21
109,2011,22,134,89,2.1900001,2.5899999,0,0,GB,2011w22
109,2011,23,98,84,2.99,3.1900001,0,0,GB,2011w23
109,2011,24,101,126,2.99,2.49,0,0,GB,2011w24
109,2011,25,128,117,2.79,2.29,1,0,GB,2011w25
109,2011,26,95,124,2.99,2.49,0,0,GB,2011w26
109,2011,27,138,92,2.99,2.99,0,0,GB,2011w27
109,2011,28,152,88,2.1900001,2.49,0,0,GB,2011w28
109,2011,29,96,106,2.79,2.5899999,0,0,GB,2011w29
109,2011,30,151,80,2.1900001,2.5899999,0,0,GB,2011w30
109,2011,31,95,136,2.99,2.49,0,0,GB,2011w31
109,2011,32,109,103,2.49,2.5899999,0,0,GB,2011w32
109,2011,33,162,75,2.1900001,2.99,0,0,GB,2011w33
109,2011,34,142,72,2.49,2.99,0,0,GB,2011w34
109,2011,35,124,100,2.49,2.5899999,0,0,GB,2011w35
109,2011,36,159,72,2.29,3.1900001,0,0,GB,2011w36
109,2011,37,136,118,2.29,2.5899999,0,1,GB,2011w37
109,2011,38,210,60,2.1900001,2.99,1,0,GB,2011w38
109,2011,39,175,72,2.29,3.1900001,0,0,GB,2011w39
109,2011,40,109,123,2.79,2.5899999,0,0,GB,2011w40
109,2011,41,165,149,2.49,2.99,0,1,GB,2011w41
109,2011,42,141,109,2.79,3.1900001,0,0,GB,2011w42
109,2011,43,106,96,2.49,2.29,0,0,GB,2011w43
109,2011,44,126,80,2.1900001,2.49,0,0,GB,2011w44
109,2011,45,159,99,2.79,2.5899999,1,0,GB,2011w45
109,2011,46,148,97,2.29,2.5899999,0,0,GB,2011w46
109,2011,47,108,185,2.99,2.5899999,0,1,GB,2011w47
109,2011,48,128,111,2.79,2.99,0,0,GB,2011w48
109,2011,49,118,93,2.1900001,2.29,0,0,GB,2011w49
109,2011,50,147,77,2.49,3.1900001,0,0,GB,2011w50
109,2011,51,100,123,2.79,2.29,0,0,GB,2011w51
109,2011,52,157,100,2.29,2.99,0,1,GB,2011w52
109,2012,1,135,97,2.79,2.99,0,0,GB,2012w1
109,2012,2,168,86,2.29,3.1900001,0,0,GB,2012w2
109,2012,3,124,95,2.99,2.99,0,0,GB,2012w3
109,2012,4,146,71,2.1900001,2.49,0,0,GB,2012w4
109,2012,5,134,109,2.1900001,2.29,0,0,GB,2012w5
109,2012,6,122,138,2.79,2.5899999,0,1,GB,2012w6
109,2012,7,173,74,2.1900001,2.5899999,1,0,GB,2012w7
109,2012,8,123,104,2.49,2.5899999,0,0,GB,2012w8
109,2012,9,108,134,2.79,2.5899999,0,1,GB,2012w9
109,2012,10,142,70,2.29,3.1900001,0,0,GB,2012w10
109,2012,11,116,85,2.1900001,2.29,0,0,GB,2012w11
109,2012,12,134,82,2.1900001,2.49,0,0,GB,2012w12
109,2012,13,123,88,2.49,2.99,0,0,GB,2012w13
109,2012,14,148,78,2.79,3.1900001,1,0,GB,2012w14
109,2012,15,168,93,2.1900001,3.1900001,0,1,GB,2012w15
109,2012,16,138,101,2.99,2.99,0,0,GB,2012w16
109,2012,17,133,84,2.29,2.49,0,0,GB,2012w17
109,2012,18,128,116,2.99,2.49,1,0,GB,2012w18
109,2012,19,109,133,2.49,2.29,0,0,GB,2012w19
109,2012,20,125,81,2.79,3.1900001,0,0,GB,2012w20
109,2012,21,92,125,2.79,2.29,0,0,GB,2012w21
109,2012,22,130,111,2.29,2.29,0,0,GB,2012w22
109,2012,23,130,131,2.29,2.29,0,1,GB,2012w23
109,2012,24,167,80,2.49,3.1900001,0,0,GB,2012w24
109,2012,25,138,92,2.99,3.1900001,0,0,GB,2012w25
109,2012,26,103,109,2.49,2.29,0,0,GB,2012w26
109,2012,27,115,208,2.99,2.49,0,1,GB,2012w27
109,2012,28,115,108,2.29,2.29,0,0,GB,2012w28
109,2012,29,101,133,2.99,2.49,0,0,GB,2012w29
109,2012,30,136,95,2.49,2.49,1,0,GB,2012w30
109,2012,31,119,87,2.1900001,2.49,0,0,GB,2012w31
109,2012,32,120,89,2.1900001,2.29,0,0,GB,2012w32
109,2012,33,173,64,2.1900001,3.1900001,0,0,GB,2012w33
109,2012,34,122,99,2.79,2.5899999,0,0,GB,2012w34
109,2012,35,131,77,2.1900001,2.5899999,0,0,GB,2012w35
109,2012,36,144,125,2.29,2.49,0,1,GB,2012w36
109,2012,37,116,103,2.79,2.99,0,0,GB,2012w37
109,2012,38,127,123,2.79,2.5899999,0,0,GB,2012w38
109,2012,39,93,140,2.99,2.29,0,0,GB,2012w39
109,2012,40,143,88,2.1900001,2.49,0,0,GB,2012w40
109,2012,41,170,59,2.1900001,3.1900001,0,0,GB,2012w41
109,2012,42,186,74,2.29,3.1900001,0,0,GB,2012w42
109,2012,43,178,85,2.49,3.1900001,0,0,GB,2012w43
109,2012,44,122,128,2.79,3.1900001,0,1,GB,2012w44
109,2012,45,147,91,2.49,2.5899999,0,0,GB,2012w45
109,2012,46,92,99,2.49,2.29,0,0,GB,2012w46
109,2012,47,128,97,2.29,2.29,0,0,GB,2012w47
109,2012,48,150,78,2.49,3.1900001,0,0,GB,2012w48
109,2012,49,137,133,2.79,2.5899999,1,0,GB,2012w49
109,2012,50,151,69,2.49,2.99,0,0,GB,2012w50
109,2012,51,124,88,2.79,2.99,0,0,GB,2012w51
109,2012,52,133,62,2.1900001,2.49,0,0,GB,2012w52
110,2011,1,120,115,2.99,2.49,0,0,GB,2011w1
110,2011,2,122,97,2.29,2.29,0,0,GB,2011w2
110,2011,3,125,104,2.79,2.5899999,0,0,GB,2011w3
110,2011,4,102,96,2.99,2.5899999,0,0,GB,2011w4
110,2011,5,117,92,2.79,2.99,0,0,GB,2011w5
110,2011,6,121,143,2.1900001,2.29,0,1,GB,2011w6
110,2011,7,134,62,2.49,3.1900001,0,0,GB,2011w7
110,2011,8,126,97,2.79,3.1900001,0,0,GB,2011w8
110,2011,9,216,79,2.29,2.99,1,0,GB,2011w9
110,2011,10,116,79,2.1900001,2.29,0,0,GB,2011w10
110,2011,11,160,98,2.29,2.5899999,0,0,GB,2011w11
110,2011,12,99,110,2.99,2.5899999,0,0,GB,2011w12
110,2011,13,129,75,2.1900001,2.49,0,0,GB,2011w13
110,2011,14,143,99,2.79,2.99,0,0,GB,2011w14
110,2011,15,132,73,2.79,3.1900001,0,0,GB,2011w15
110,2011,16,151,78,2.29,3.1900001,0,0,GB,2011w16
110,2011,17,162,77,2.29,2.99,0,0,GB,2011w17
110,2011,18,143,88,2.1900001,2.5899999,0,0,GB,2011w18
110,2011,19,162,77,2.29,3.1900001,0,0,GB,2011w19
110,2011,20,117,102,2.99,2.99,0,0,GB,2011w20
110,2011,21,157,79,2.29,2.99,0,0,GB,2011w21
110,2011,22,135,87,2.29,2.5899999,0,0,GB,2011w22
110,2011,23,120,105,2.79,2.99,0,0,GB,2011w23
110,2011,24,94,115,2.79,2.29,0,0,GB,2011w24
110,2011,25,141,95,2.49,3.1900001,0,0,GB,2011w25
110,2011,26,135,86,2.1900001,2.29,0,0,GB,2011w26
110,2011,27,132,96,2.1900001,2.29,0,0,GB,2011w27
110,2011,28,132,90,2.99,3.1900001,0,0,GB,2011w28
110,2011,29,139,84,2.49,2.5899999,0,0,GB,2011w29
110,2011,30,95,122,2.79,2.49,0,0,GB,2011w30
110,2011,31,140,93,2.79,2.99,0,0,GB,2011w31
110,2011,32,103,117,2.99,2.29,0,0,GB,2011w32
110,2011,33,104,133,2.99,2.49,0,0,GB,2011w33
110,2011,34,110,117,2.99,2.49,0,0,GB,2011w34
110,2011,35,150,67,2.1900001,2.49,0,0,GB,2011w35
110,2011,36,155,121,2.49,3.1900001,0,1,GB,2011w36
110,2011,37,164,67,2.1900001,2.99,0,0,GB,2011w37
110,2011,38,133,88,2.79,3.1900001,0,0,GB,2011w38
110,2011,39,97,96,2.99,2.5899999,0,0,GB,2011w39
110,2011,40,137,96,2.79,3.1900001,0,0,GB,2011w40
110,2011,41,159,67,2.29,2.99,0,0,GB,2011w41
110,2011,42,117,140,2.49,2.49,0,1,GB,2011w42
110,2011,43,180,85,2.49,3.1900001,0,0,GB,2011w43
110,2011,44,120,97,2.79,2.5899999,0,0,GB,2011w44
110,2011,45,123,135,2.79,2.99,0,1,GB,2011w45
110,2011,46,147,66,2.29,3.1900001,0,0,GB,2011w46
110,2011,47,110,113,2.79,2.29,1,0,GB,2011w47
110,2011,48,106,83,2.1900001,2.29,0,0,GB,2011w48
110,2011,49,148,73,2.29,2.49,0,0,GB,2011w49
110,2011,50,116,97,2.49,2.5899999,0,0,GB,2011w50
110,2011,51,167,88,2.1900001,2.29,1,0,GB,2011w51
110,2011,52,137,81,2.29,2.5899999,0,0,GB,2011w52
110,2012,1,202,73,2.1900001,3.1900001,0,0,GB,2012w1
110,2012,2,137,102,2.1900001,2.49,0,0,GB,2012w2
110,2012,3,96,98,2.79,2.49,0,0,GB,2012w3
110,2012,4,192,63,2.1900001,3.1900001,0,0,GB,2012w4
110,2012,5,91,178,2.99,2.49,0,1,GB,2012w5
110,2012,6,99,111,2.99,2.5899999,0,0,GB,2012w6
110,2012,7,100,111,2.49,2.29,0,0,GB,2012w7
110,2012,8,127,115,2.79,2.99,0,1,GB,2012w8
110,2012,9,122,111,2.49,2.49,0,0,GB,2012w9
110,2012,10,130,84,2.99,3.1900001,0,0,GB,2012w10
110,2012,11,104,151,2.49,2.29,0,1,GB,2012w11
110,2012,12,152,68,2.29,2.99,0,0,GB,2012w12
110,2012,13,127,77,2.29,2.5899999,0,0,GB,2012w13
110,2012,14,116,98,2.79,2.49,0,0,GB,2012w14
110,2012,15,157,88,2.79,3.1900001,0,0,GB,2012w15
110,2012,16,115,128,2.79,2.5899999,0,0,GB,2012w16
110,2012,17,132,91,2.29,2.29,0,0,GB,2012w17
110,2012,18,149,69,2.1900001,3.1900001,0,0,GB,2012w18
110,2012,19,150,90,2.29,2.5899999,0,0,GB,2012w19
110,2012,20,114,78,2.49,2.29,0,0,GB,2012w20
110,2012,21,117,121,2.79,2.49,0,0,GB,2012w21
110,2012,22,101,135,2.99,2.49,0,0,GB,2012w22
110,2012,23,146,101,2.49,3.1900001,0,1,GB,2012w23
110,2012,24,123,123,2.49,2.5899999,0,1,GB,2012w24
110,2012,25,181,67,2.1900001,2.99,0,0,GB,2012w25
110,2012,26,136,102,2.79,2.99,0,0,GB,2012w26
110,2012,27,114,92,2.99,2.5899999,1,0,GB,2012w27
110,2012,28,133,91,2.99,2.99,0,0,GB,2012w28
110,2012,29,122,80,2.1900001,2.5899999,0,0,GB,2012w29
110,2012,30,122,88,2.29,2.29,0,0,GB,2012w30
110,2012,31,144,71,2.29,2.99,0,0,GB,2012w31
110,2012,32,147,101,2.99,3.1900001,0,0,GB,2012w32
110,2012,33,150,92,2.1900001,2.5899999,0,0,GB,2012w33
110,2012,34,137,119,2.29,2.49,0,1,GB,2012w34
110,2012,35,155,70,2.29,2.99,0,0,GB,2012w35
110,2012,36,98,126,2.99,2.5899999,0,0,GB,2012w36
110,2012,37,132,155,2.79,2.49,1,1,GB,2012w37
110,2012,38,138,99,2.1900001,2.49,0,1,GB,2012w38
110,2012,39,106,94,2.99,2.99,0,0,GB,2012w39
110,2012,40,179,94,2.79,3.1900001,1,0,GB,2012w40
110,2012,41,117,100,2.49,2.29,0,0,GB,2012w41
110,2012,42,162,88,2.49,2.99,0,0,GB,2012w42
110,2012,43,106,109,2.49,2.49,0,0,GB,2012w43
110,2012,44,211,70,2.1900001,3.1900001,0,1,GB,2012w44
110,2012,45,96,111,2.79,2.49,0,0,GB,2012w45
110,2012,46,117,73,2.1900001,2.49,0,0,GB,2012w46
110,2012,47,125,100,2.49,2.5899999,0,0,GB,2012w47
110,2012,48,134,109,2.99,2.29,1,0,GB,2012w48
110,2012,49,107,121,2.99,2.99,0,0,GB,2012w49
110,2012,50,105,89,2.49,2.5899999,0,0,GB,2012w50
110,2012,51,147,119,2.29,2.5899999,0,1,GB,2012w51
110,2012,52,118,89,2.49,2.5899999,0,0,GB,2012w52
111,2011,1,141,91,2.1900001,2.49,0,0,GB,2011w1
111,2011,2,129,95,2.49,2.5899999,0,0,GB,2011w2
111,2011,3,138,78,2.1900001,2.5899999,0,0,GB,2011w3
111,2011,4,123,84,2.79,3.1900001,0,0,GB,2011w4
111,2011,5,123,128,2.49,2.49,0,1,GB,2011w5
111,2011,6,170,106,2.1900001,2.29,1,0,GB,2011w6
111,2011,7,126,109,2.99,2.49,1,0,GB,2011w7
111,2011,8,194,59,2.29,3.1900001,0,0,GB,2011w8
111,2011,9,119,112,2.99,2.99,0,0,GB,2011w9
111,2011,10,128,89,2.1900001,2.5899999,0,0,GB,2011w10
111,2011,11,148,87,2.29,2.49,0,0,GB,2011w11
111,2011,12,128,80,2.29,2.5899999,0,0,GB,2011w12
111,2011,13,105,150,2.1900001,2.29,0,1,GB,2011w13
111,2011,14,161,67,2.29,3.1900001,0,0,GB,2011w14
111,2011,15,110,86,2.49,2.5899999,0,0,GB,2011w15
111,2011,16,134,74,2.29,2.49,0,0,GB,2011w16
111,2011,17,179,72,2.1900001,3.1900001,0,0,GB,2011w17
111,2011,18,101,135,2.99,2.49,0,0,GB,2011w18
111,2011,19,85,130,2.79,2.29,0,0,GB,2011w19
111,2011,20,144,86,2.49,2.99,0,0,GB,2011w20
111,2011,21,115,156,2.79,2.5899999,0,1,GB,2011w21
111,2011,22,144,93,2.49,2.99,0,0,GB,2011w22
111,2011,23,121,106,2.29,2.49,0,0,GB,2011w23
111,2011,24,87,130,2.99,2.29,0,0,GB,2011w24
111,2011,25,94,116,2.99,2.49,0,0,GB,2011w25
111,2011,26,97,183,2.79,2.29,0,1,GB,2011w26
111,2011,27,131,81,2.79,3.1900001,0,0,GB,2011w27
111,2011,28,169,79,2.49,2.99,0,0,GB,2011w28
111,2011,29,107,187,2.79,2.29,0,1,GB,2011w29
111,2011,30,114,99,2.49,2.29,0,0,GB,2011w30
111,2011,31,150,75,2.29,2.5899999,0,0,GB,2011w31
111,2011,32,85,134,2.99,2.29,0,0,GB,2011w32
111,2011,33,125,101,2.99,2.99,0,0,GB,2011w33
111,2011,34,121,100,2.79,2.5899999,0,0,GB,2011w34
111,2011,35,142,125,2.29,2.5899999,0,1,GB,2011w35
111,2011,36,124,113,2.99,3.1900001,0,0,GB,2011w36
111,2011,37,110,98,2.99,2.49,0,0,GB,2011w37
111,2011,38,156,84,2.49,3.1900001,0,0,GB,2011w38
111,2011,39,119,92,2.79,2.99,0,0,GB,2011w39
111,2011,40,122,102,2.99,2.99,0,0,GB,2011w40
111,2011,41,152,98,2.49,3.1900001,0,0,GB,2011w41
111,2011,42,174,62,2.1900001,3.1900001,0,0,GB,2011w42
111,2011,43,161,71,2.29,2.5899999,1,0,GB,2011w43
111,2011,44,174,107,2.79,3.1900001,1,0,GB,2011w44
111,2011,45,127,126,2.49,2.29,0,0,GB,2011w45
111,2011,46,157,88,2.1900001,2.5899999,0,0,GB,2011w46
111,2011,47,125,79,2.29,2.29,0,0,GB,2011w47
111,2011,48,115,104,2.79,2.99,0,0,GB,2011w48
111,2011,49,157,75,2.49,3.1900001,0,0,GB,2011w49
111,2011,50,99,156,2.99,2.49,0,1,GB,2011w50
111,2011,51,121,109,2.79,2.5899999,0,0,GB,2011w51
111,2011,52,124,122,2.49,2.29,0,0,GB,2011w52
111,2012,1,149,94,2.1900001,2.5899999,0,0,GB,2012w1
111,2012,2,141,81,2.1900001,2.49,0,0,GB,2012w2
111,2012,3,107,128,2.79,2.49,0,0,GB,2012w3
111,2012,4,133,108,2.29,2.5899999,0,0,GB,2012w4
111,2012,5,136,96,2.29,2.99,0,1,GB,2012w5
111,2012,6,155,83,2.1900001,2.49,0,0,GB,2012w6
111,2012,7,144,79,2.1900001,2.49,0,0,GB,2012w7
111,2012,8,122,101,2.29,2.29,0,0,GB,2012w8
111,2012,9,109,106,2.79,2.49,0,0,GB,2012w9
111,2012,10,103,114,2.49,2.29,0,0,GB,2012w10
111,2012,11,95,108,2.99,2.49,0,0,GB,2012w11
111,2012,12,100,91,2.79,2.49,0,0,GB,2012w12
111,2012,13,101,118,2.99,2.5899999,0,0,GB,2012w13
111,2012,14,106,120,2.99,2.5899999,0,0,GB,2012w14
111,2012,15,173,80,2.1900001,2.99,0,0,GB,2012w15
111,2012,16,129,112,2.29,2.29,0,0,GB,2012w16
111,2012,17,144,86,2.99,3.1900001,1,0,GB,2012w17
111,2012,18,82,103,2.99,2.29,0,0,GB,2012w18
111,2012,19,107,106,2.79,2.5899999,0,0,GB,2012w19
111,2012,20,113,142,2.79,2.29,0,0,GB,2012w20
111,2012,21,154,83,2.1900001,2.49,0,0,GB,2012w21
111,2012,22,162,73,2.1900001,3.1900001,0,0,GB,2012w22
111,2012,23,170,77,2.29,2.99,0,0,GB,2012w23
111,2012,24,118,152,2.1900001,2.29,0,1,GB,2012w24
111,2012,25,105,113,2.79,2.5899999,0,0,GB,2012w25
111,2012,26,144,146,2.79,2.5899999,1,1,GB,2012w26
111,2012,27,159,131,2.1900001,2.99,0,1,GB,2012w27
111,2012,28,159,85,2.1900001,2.5899999,0,0,GB,2012w28
111,2012,29,105,115,2.99,2.99,0,0,GB,2012w29
111,2012,30,174,65,2.1900001,2.99,0,0,GB,2012w30
111,2012,31,159,83,2.29,2.5899999,0,0,GB,2012w31
111,2012,32,103,102,2.79,2.49,0,0,GB,2012w32
111,2012,33,120,121,2.49,2.29,0,0,GB,2012w33
111,2012,34,98,203,2.99,2.29,0,1,GB,2012w34
111,2012,35,115,96,2.79,3.1900001,0,0,GB,2012w35
111,2012,36,157,77,2.1900001,2.99,0,0,GB,2012w36
111,2012,37,150,82,2.29,2.99,0,0,GB,2012w37
111,2012,38,201,117,2.79,3.1900001,1,1,GB,2012w38
111,2012,39,153,67,2.49,3.1900001,0,0,GB,2012w39
111,2012,40,91,142,2.79,2.29,0,0,GB,2012w40
111,2012,41,106,116,2.99,2.5899999,0,0,GB,2012w41
111,2012,42,130,94,2.29,2.29,0,0,GB,2012w42
111,2012,43,93,126,2.99,2.29,0,0,GB,2012w43
111,2012,44,150,90,2.1900001,2.5899999,0,0,GB,2012w44
111,2012,45,125,116,2.79,2.49,0,0,GB,2012w45
111,2012,46,109,89,2.99,2.99,0,0,GB,2012w46
111,2012,47,115,101,2.1900001,2.29,0,0,GB,2012w47
111,2012,48,161,79,2.1900001,2.5899999,0,0,GB,2012w48
111,2012,49,177,60,2.1900001,3.1900001,0,0,GB,2012w49
111,2012,50,130,99,2.1900001,2.29,0,0,GB,2012w50
111,2012,51,99,136,2.79,2.49,0,1,GB,2012w51
111,2012,52,121,67,2.29,2.99,0,0,GB,2012w52
112,2011,1,145,86,2.29,2.5899999,0,0,BR,2011w1
112,2011,2,143,84,2.29,2.49,0,0,BR,2011w2
112,2011,3,117,177,2.79,2.49,0,1,BR,2011w3
112,2011,4,106,85,2.49,2.49,0,0,BR,2011w4
112,2011,5,231,64,2.29,2.99,1,0,BR,2011w5
112,2011,6,150,143,2.1900001,2.49,0,1,BR,2011w6
112,2011,7,133,84,2.49,2.99,0,0,BR,2011w7
112,2011,8,151,96,2.1900001,2.49,0,0,BR,2011w8
112,2011,9,137,86,2.29,2.49,0,0,BR,2011w9
112,2011,10,118,108,2.99,3.1900001,0,0,BR,2011w10
112,2011,11,243,76,2.1900001,2.99,1,0,BR,2011w11
112,2011,12,104,176,2.79,2.29,0,1,BR,2011w12
112,2011,13,122,142,2.29,2.29,0,1,BR,2011w13
112,2011,14,136,101,2.49,2.49,0,0,BR,2011w14
112,2011,15,131,94,2.1900001,2.29,0,0,BR,2011w15
112,2011,16,136,93,2.99,2.99,1,0,BR,2011w16
112,2011,17,133,112,2.99,2.99,0,0,BR,2011w17
112,2011,18,112,108,2.29,2.29,0,0,BR,2011w18
112,2011,19,126,97,2.49,2.49,0,0,BR,2011w19
112,2011,20,128,100,2.79,2.99,0,0,BR,2011w20
112,2011,21,136,84,2.49,3.1900001,0,0,BR,2011w21
112,2011,22,153,76,2.29,2.99,0,0,BR,2011w22
112,2011,23,152,80,2.29,2.99,0,0,BR,2011w23
112,2011,24,119,85,2.1900001,2.49,0,0,BR,2011w24
112,2011,25,127,158,2.49,2.29,0,1,BR,2011w25
112,2011,26,147,81,2.49,3.1900001,0,0,BR,2011w26
112,2011,27,99,100,2.49,2.29,0,0,BR,2011w27
112,2011,28,165,66,2.1900001,3.1900001,0,0,BR,2011w28
112,2011,29,96,109,2.79,2.5899999,0,0,BR,2011w29
112,2011,30,116,84,2.49,2.99,0,0,BR,2011w30
112,2011,31,94,134,2.99,2.49,0,0,BR,2011w31
112,2011,32,132,102,2.49,2.49,0,0,BR,2011w32
112,2011,33,147,98,2.29,2.5899999,0,0,BR,2011w33
112,2011,34,92,144,2.79,2.49,0,1,BR,2011w34
112,2011,35,116,84,2.49,2.5899999,0,0,BR,2011w35
112,2011,36,108,190,2.99,2.29,0,1,BR,2011w36
112,2011,37,147,66,2.29,3.1900001,0,0,BR,2011w37
112,2011,38,160,61,2.1900001,2.99,0,0,BR,2011w38
112,2011,39,155,80,2.29,2.5899999,1,0,BR,2011w39
112,2011,40,83,122,2.99,2.29,0,0,BR,2011w40
112,2011,41,208,73,2.49,3.1900001,1,0,BR,2011w41
112,2011,42,145,124,2.49,2.29,1,0,BR,2011w42
112,2011,43,158,74,2.29,3.1900001,0,0,BR,2011w43
112,2011,44,100,89,2.49,2.29,0,0,BR,2011w44
112,2011,45,139,93,2.79,2.99,0,0,BR,2011w45
112,2011,46,138,72,2.29,2.49,0,0,BR,2011w46
112,2011,47,105,128,2.79,2.29,0,0,BR,2011w47
112,2011,48,121,92,2.49,2.5899999,0,0,BR,2011w48
112,2011,49,155,120,2.99,2.49,1,0,BR,2011w49
112,2011,50,111,106,2.29,2.29,0,0,BR,2011w50
112,2011,51,123,96,2.49,2.5899999,0,0,BR,2011w51
112,2011,52,145,70,2.1900001,3.1900001,0,0,BR,2011w52
112,2012,1,131,84,2.1900001,2.49,0,0,BR,2012w1
112,2012,2,127,85,2.99,2.99,0,0,BR,2012w2
112,2012,3,123,106,2.1900001,2.29,0,0,BR,2012w3
112,2012,4,104,113,2.49,2.29,0,0,BR,2012w4
112,2012,5,145,99,2.29,2.5899999,0,0,BR,2012w5
112,2012,6,135,95,2.79,3.1900001,0,0,BR,2012w6
112,2012,7,152,91,2.1900001,3.1900001,0,1,BR,2012w7
112,2012,8,153,122,2.79,3.1900001,0,1,BR,2012w8
112,2012,9,132,90,2.79,2.99,0,0,BR,2012w9
112,2012,10,125,96,2.1900001,2.29,0,0,BR,2012w10
112,2012,11,93,137,2.79,2.29,0,0,BR,2012w11
112,2012,12,133,90,2.79,2.99,0,0,BR,2012w12
112,2012,13,192,97,2.1900001,3.1900001,0,1,BR,2012w13
112,2012,14,109,132,2.79,2.29,0,0,BR,2012w14
112,2012,15,138,169,2.79,2.29,1,1,BR,2012w15
112,2012,16,93,133,2.99,2.29,0,0,BR,2012w16
112,2012,17,131,101,2.79,3.1900001,0,0,BR,2012w17
112,2012,18,148,69,2.1900001,2.99,0,0,BR,2012w18
112,2012,19,133,91,2.79,3.1900001,0,0,BR,2012w19
112,2012,20,117,116,2.99,2.5899999,0,0,BR,2012w20
112,2012,21,108,116,2.29,2.29,0,1,BR,2012w21
112,2012,22,106,158,2.79,2.5899999,0,1,BR,2012w22
112,2012,23,137,81,2.49,3.1900001,0,0,BR,2012w23
112,2012,24,102,110,2.99,2.49,0,0,BR,2012w24
112,2012,25,127,82,2.29,2.49,0,0,BR,2012w25
112,2012,26,151,93,2.29,2.5899999,0,0,BR,2012w26
112,2012,27,118,116,2.49,2.29,0,0,BR,2012w27
112,2012,28,109,83,2.49,2.5899999,0,0,BR,2012w28
112,2012,29,103,113,2.79,2.49,0,0,BR,2012w29
112,2012,30,120,96,2.99,2.5899999,0,0,BR,2012w30
112,2012,31,132,151,2.29,2.49,0,1,BR,2012w31
112,2012,32,89,120,2.99,2.5899999,0,0,BR,2012w32
112,2012,33,138,96,2.29,2.49,0,0,BR,2012w33
112,2012,34,86,141,2.79,2.29,0,0,BR,2012w34
112,2012,35,150,91,2.99,3.1900001,1,0,BR,2012w35
112,2012,36,120,107,2.79,3.1900001,0,0,BR,2012w36
112,2012,37,136,97,2.79,3.1900001,0,0,BR,2012w37
112,2012,38,111,114,2.79,2.5899999,0,0,BR,2012w38
112,2012,39,102,103,2.79,2.49,0,0,BR,2012w39
112,2012,40,118,146,2.79,2.49,0,1,BR,2012w40
112,2012,41,118,150,2.49,2.5899999,0,1,BR,2012w41
112,2012,42,174,65,2.29,2.99,0,0,BR,2012w42
112,2012,43,126,103,2.1900001,2.29,0,0,BR,2012w43
112,2012,44,128,118,2.49,2.49,0,0,BR,2012w44
112,2012,45,132,117,2.49,2.49,0,0,BR,2012w45
112,2012,46,131,92,2.79,3.1900001,0,0,BR,2012w46
112,2012,47,106,132,2.99,2.5899999,0,0,BR,2012w47
112,2012,48,116,124,2.99,2.49,1,0,BR,2012w48
112,2012,49,134,116,2.29,2.29,0,0,BR,2012w49
112,2012,50,130,96,2.1900001,2.49,0,0,BR,2012w50
112,2012,51,126,85,2.79,3.1900001,0,0,BR,2012w51
112,2012,52,116,91,2.99,2.99,0,0,BR,2012w52
113,2011,1,106,90,2.29,2.29,0,0,BR,2011w1
113,2011,2,135,142,2.99,2.99,0,1,BR,2011w2
113,2011,3,156,65,2.29,3.1900001,0,0,BR,2011w3
113,2011,4,198,60,2.1900001,3.1900001,0,0,BR,2011w4
113,2011,5,180,74,2.29,3.1900001,0,0,BR,2011w5
113,2011,6,125,91,2.79,2.99,0,0,BR,2011w6
113,2011,7,150,71,2.29,2.99,0,0,BR,2011w7
113,2011,8,168,80,2.29,2.49,1,0,BR,2011w8
113,2011,9,176,72,2.1900001,2.99,0,0,BR,2011w9
113,2011,10,104,169,2.99,2.49,0,1,BR,2011w10
113,2011,11,107,105,2.29,2.49,0,0,BR,2011w11
113,2011,12,166,154,2.79,2.99,1,1,BR,2011w12
113,2011,13,129,110,2.49,2.29,0,0,BR,2011w13
113,2011,14,116,84,2.1900001,2.5899999,0,0,BR,2011w14
113,2011,15,141,96,2.79,3.1900001,0,0,BR,2011w15
113,2011,16,191,74,2.29,3.1900001,0,0,BR,2011w16
113,2011,17,112,103,2.79,2.49,0,0,BR,2011w17
113,2011,18,129,95,2.49,2.5899999,0,0,BR,2011w18
113,2011,19,158,90,2.29,2.5899999,0,0,BR,2011w19
113,2011,20,122,95,2.79,2.5899999,0,0,BR,2011w20
113,2011,21,135,87,2.79,2.99,0,0,BR,2011w21
113,2011,22,178,74,2.49,3.1900001,0,0,BR,2011w22
113,2011,23,152,70,2.1900001,3.1900001,0,0,BR,2011w23
113,2011,24,136,121,2.99,2.49,1,0,BR,2011w24
113,2011,25,154,87,2.29,3.1900001,0,1,BR,2011w25
113,2011,26,121,117,2.29,2.29,0,0,BR,2011w26
113,2011,27,201,67,2.1900001,3.1900001,0,0,BR,2011w27
113,2011,28,109,128,2.99,2.5899999,0,0,BR,2011w28
113,2011,29,124,91,2.29,2.49,0,0,BR,2011w29
113,2011,30,118,102,2.1900001,2.29,0,0,BR,2011w30
113,2011,31,154,66,2.29,2.99,0,0,BR,2011w31
113,2011,32,163,94,2.29,2.29,1,0,BR,2011w32
113,2011,33,136,102,2.99,3.1900001,0,0,BR,2011w33
113,2011,34,104,137,2.99,2.29,0,0,BR,2011w34
113,2011,35,170,76,2.1900001,2.99,0,0,BR,2011w35
113,2011,36,127,93,2.29,2.29,0,0,BR,2011w36
113,2011,37,204,79,2.79,3.1900001,1,0,BR,2011w37
113,2011,38,149,143,2.49,2.5899999,1,1,BR,2011w38
113,2011,39,136,105,2.1900001,2.29,1,0,BR,2011w39
113,2011,40,123,88,2.49,2.5899999,0,0,BR,2011w40
113,2011,41,96,84,2.99,2.99,0,0,BR,2011w41
113,2011,42,96,157,2.79,2.49,0,1,BR,2011w42
113,2011,43,160,83,2.29,2.49,1,0,BR,2011w43
113,2011,44,110,133,2.79,2.29,0,0,BR,2011w44
113,2011,45,175,75,2.29,3.1900001,0,0,BR,2011w45
113,2011,46,125,85,2.79,2.99,0,0,BR,2011w46
113,2011,47,147,95,2.1900001,2.29,0,0,BR,2011w47
113,2011,48,119,100,2.49,2.5899999,0,0,BR,2011w48
113,2011,49,120,87,2.79,2.99,0,0,BR,2011w49
113,2011,50,160,121,2.49,3.1900001,0,1,BR,2011w50
113,2011,51,203,84,2.49,3.1900001,1,0,BR,2011w51
113,2011,52,187,74,2.29,3.1900001,0,0,BR,2011w52
113,2012,1,80,134,2.99,2.29,0,0,BR,2012w1
113,2012,2,126,88,2.1900001,2.29,0,0,BR,2012w2
113,2012,3,138,69,2.49,3.1900001,0,0,BR,2012w3
113,2012,4,176,132,2.49,2.5899999,1,1,BR,2012w4
113,2012,5,140,89,2.1900001,2.49,0,0,BR,2012w5
113,2012,6,127,91,2.1900001,2.5899999,0,0,BR,2012w6
113,2012,7,91,151,2.99,2.29,0,1,BR,2012w7
113,2012,8,170,147,2.49,2.49,1,1,BR,2012w8
113,2012,9,146,92,2.49,2.99,0,0,BR,2012w9
113,2012,10,124,125,2.99,3.1900001,0,1,BR,2012w10
113,2012,11,129,84,2.29,2.5899999,0,0,BR,2012w11
113,2012,12,103,108,2.79,2.29,0,0,BR,2012w12
113,2012,13,107,152,2.79,2.49,0,1,BR,2012w13
113,2012,14,131,95,2.49,2.5899999,0,0,BR,2012w14
113,2012,15,127,90,2.79,2.99,0,0,BR,2012w15
113,2012,16,125,119,2.49,2.49,0,0,BR,2012w16
113,2012,17,107,119,2.99,2.5899999,0,0,BR,2012w17
113,2012,18,121,109,2.79,2.5899999,0,0,BR,2012w18
113,2012,19,126,106,2.49,2.49,0,0,BR,2012w19
113,2012,20,124,92,2.99,3.1900001,0,0,BR,2012w20
113,2012,21,168,94,2.29,2.5899999,0,0,BR,2012w21
113,2012,22,204,64,2.1900001,3.1900001,0,0,BR,2012w22
113,2012,23,116,155,2.49,2.49,0,1,BR,2012w23
113,2012,24,127,87,2.29,2.49,0,0,BR,2012w24
113,2012,25,192,60,2.1900001,3.1900001,0,0,BR,2012w25
113,2012,26,140,92,2.29,2.49,0,0,BR,2012w26
113,2012,27,120,113,2.1900001,2.5899999,0,1,BR,2012w27
113,2012,28,145,106,2.29,2.49,0,1,BR,2012w28
113,2012,29,140,90,2.1900001,2.49,0,0,BR,2012w29
113,2012,30,148,115,2.49,2.29,1,0,BR,2012w30
113,2012,31,153,83,2.49,3.1900001,0,0,BR,2012w31
113,2012,32,213,64,2.1900001,3.1900001,0,0,BR,2012w32
113,2012,33,134,85,2.1900001,2.29,0,0,BR,2012w33
113,2012,34,117,138,2.49,2.49,0,1,BR,2012w34
113,2012,35,119,134,2.49,2.5899999,0,1,BR,2012w35
113,2012,36,121,104,2.99,3.1900001,0,0,BR,2012w36
113,2012,37,125,122,2.79,2.49,1,0,BR,2012w37
113,2012,38,100,102,2.79,2.29,0,0,BR,2012w38
113,2012,39,105,130,2.79,2.29,0,0,BR,2012w39
113,2012,40,118,122,2.99,2.29,1,0,BR,2012w40
113,2012,41,121,147,2.49,2.5899999,0,1,BR,2012w41
113,2012,42,120,106,2.79,3.1900001,0,1,BR,2012w42
113,2012,43,85,150,2.99,2.29,0,0,BR,2012w43
113,2012,44,122,80,2.49,2.99,0,0,BR,2012w44
113,2012,45,148,90,2.49,3.1900001,0,0,BR,2012w45
113,2012,46,135,115,2.29,2.29,0,0,BR,2012w46
113,2012,47,80,116,2.99,2.29,0,0,BR,2012w47
113,2012,48,170,70,2.1900001,3.1900001,0,0,BR,2012w48
113,2012,49,137,89,2.29,2.5899999,0,0,BR,2012w49
113,2012,50,174,89,2.49,2.5899999,1,0,BR,2012w50
113,2012,51,134,78,2.29,2.49,0,0,BR,2012w51
113,2012,52,118,83,2.1900001,2.29,0,0,BR,2012w52
114,2011,1,105,100,2.29,2.29,0,0,JP,2011w1
114,2011,2,150,98,2.49,2.5899999,0,0,JP,2011w2
114,2011,3,114,103,2.49,2.29,0,0,JP,2011w3
114,2011,4,119,92,2.99,3.1900001,0,0,JP,2011w4
114,2011,5,117,102,2.99,2.99,0,0,JP,2011w5
114,2011,6,108,145,2.99,2.5899999,0,0,JP,2011w6
114,2011,7,123,89,2.49,2.49,0,0,JP,2011w7
114,2011,8,179,85,2.1900001,3.1900001,0,1,JP,2011w8
114,2011,9,129,98,2.29,2.49,0,0,JP,2011w9
114,2011,10,121,86,2.99,3.1900001,0,0,JP,2011w10
114,2011,11,122,92,2.49,2.5899999,0,0,JP,2011w11
114,2011,12,117,136,2.79,2.49,0,1,JP,2011w12
114,2011,13,100,136,2.79,2.29,0,0,JP,2011w13
114,2011,14,112,125,2.49,2.29,0,0,JP,2011w14
114,2011,15,130,69,2.1900001,3.1900001,0,0,JP,2011w15
114,2011,16,138,120,2.49,3.1900001,0,1,JP,2011w16
114,2011,17,125,85,2.79,2.99,0,0,JP,2011w17
114,2011,18,112,119,2.79,2.49,0,0,JP,2011w18
114,2011,19,112,117,2.79,2.29,0,0,JP,2011w19
114,2011,20,141,97,2.79,2.99,0,0,JP,2011w20
114,2011,21,110,97,2.99,2.5899999,0,0,JP,2011w21
114,2011,22,151,67,2.29,3.1900001,0,0,JP,2011w22
114,2011,23,130,133,2.99,2.99,0,1,JP,2011w23
114,2011,24,171,89,2.1900001,3.1900001,0,1,JP,2011w24
114,2011,25,135,94,2.79,3.1900001,0,0,JP,2011w25
114,2011,26,150,86,2.1900001,2.29,0,0,JP,2011w26
114,2011,27,98,142,2.99,2.29,0,0,JP,2011w27
114,2011,28,181,61,2.29,2.99,0,0,JP,2011w28
114,2011,29,117,157,2.49,2.29,0,1,JP,2011w29
114,2011,30,155,77,2.29,3.1900001,0,0,JP,2011w30
114,2011,31,134,100,2.49,2.99,0,1,JP,2011w31
114,2011,32,131,91,2.29,2.49,0,0,JP,2011w32
114,2011,33,182,75,2.1900001,3.1900001,0,0,JP,2011w33
114,2011,34,119,83,2.29,2.29,0,0,JP,2011w34
114,2011,35,95,131,2.79,2.29,0,0,JP,2011w35
114,2011,36,133,104,2.29,2.5899999,0,0,JP,2011w36
114,2011,37,127,110,2.79,3.1900001,0,1,JP,2011w37
114,2011,38,113,96,2.29,2.29,0,0,JP,2011w38
114,2011,39,162,99,2.49,2.49,1,0,JP,2011w39
114,2011,40,94,97,2.99,2.49,0,0,JP,2011w40
114,2011,41,138,90,2.49,3.1900001,0,0,JP,2011w41
114,2011,42,112,115,2.79,2.49,0,0,JP,2011w42
114,2011,43,129,74,2.29,2.5899999,0,0,JP,2011w43
114,2011,44,114,125,2.29,2.49,0,1,JP,2011w44
114,2011,45,123,102,2.1900001,2.29,0,0,JP,2011w45
114,2011,46,165,91,2.1900001,2.49,0,0,JP,2011w46
114,2011,47,180,89,2.49,3.1900001,0,0,JP,2011w47
114,2011,48,128,92,2.49,2.5899999,0,0,JP,2011w48
114,2011,49,125,87,2.49,2.5899999,0,0,JP,2011w49
114,2011,50,96,106,2.79,2.5899999,0,0,JP,2011w50
114,2011,51,130,85,2.29,2.5899999,0,0,JP,2011w51
114,2011,52,143,120,2.1900001,2.49,0,1,JP,2011w52
114,2012,1,159,65,2.29,3.1900001,0,0,JP,2012w1
114,2012,2,125,101,2.49,2.5899999,0,0,JP,2012w2
114,2012,3,128,108,2.99,2.5899999,1,0,JP,2012w3
114,2012,4,83,139,2.79,2.29,0,0,JP,2012w4
114,2012,5,128,82,2.79,2.99,0,0,JP,2012w5
114,2012,6,169,75,2.29,3.1900001,0,0,JP,2012w6
114,2012,7,124,105,2.49,2.49,0,0,JP,2012w7
114,2012,8,168,60,2.1900001,3.1900001,0,0,JP,2012w8
114,2012,9,133,95,2.79,2.99,0,0,JP,2012w9
114,2012,10,131,107,2.49,2.5899999,0,0,JP,2012w10
114,2012,11,145,101,2.1900001,2.49,0,0,JP,2012w11
114,2012,12,122,103,2.29,2.49,0,0,JP,2012w12
114,2012,13,141,112,2.49,3.1900001,0,1,JP,2012w13
114,2012,14,122,147,2.99,2.99,0,1,JP,2012w14
114,2012,15,105,115,2.49,2.5899999,0,0,JP,2012w15
114,2012,16,192,87,2.1900001,3.1900001,0,1,JP,2012w16
114,2012,17,108,99,2.79,2.5899999,0,0,JP,2012w17
114,2012,18,111,85,2.29,2.5899999,0,0,JP,2012w18
114,2012,19,169,92,2.99,3.1900001,1,0,JP,2012w19
114,2012,20,136,85,2.29,2.5899999,0,0,JP,2012w20
114,2012,21,96,108,2.99,2.49,0,0,JP,2012w21
114,2012,22,134,80,2.29,2.49,0,0,JP,2012w22
114,2012,23,159,110,2.1900001,2.5899999,0,1,JP,2012w23
114,2012,24,177,97,2.49,2.99,1,0,JP,2012w24
114,2012,25,206,71,2.1900001,2.99,0,0,JP,2012w25
114,2012,26,99,152,2.79,2.29,0,0,JP,2012w26
114,2012,27,96,107,2.79,2.5899999,0,0,JP,2012w27
114,2012,28,135,128,2.79,2.99,0,1,JP,2012w28
114,2012,29,84,115,2.99,2.29,0,0,JP,2012w29
114,2012,30,114,157,2.49,2.29,0,1,JP,2012w30
114,2012,31,182,70,2.29,2.5899999,1,0,JP,2012w31
114,2012,32,120,121,2.99,2.99,0,1,JP,2012w32
114,2012,33,133,71,2.49,3.1900001,0,0,JP,2012w33
114,2012,34,77,125,2.99,2.29,0,0,JP,2012w34
114,2012,35,105,106,2.49,2.29,0,0,JP,2012w35
114,2012,36,157,75,2.29,2.5899999,0,0,JP,2012w36
114,2012,37,87,96,2.49,2.29,0,0,JP,2012w37
114,2012,38,122,105,2.99,2.99,0,0,JP,2012w38
114,2012,39,162,81,2.29,2.99,0,0,JP,2012w39
114,2012,40,152,73,2.1900001,2.5899999,0,0,JP,2012w40
114,2012,41,130,96,2.99,2.99,0,0,JP,2012w41
114,2012,42,148,80,2.29,2.99,0,0,JP,2012w42
114,2012,43,132,76,2.1900001,2.29,0,0,JP,2012w43
114,2012,44,150,74,2.1900001,2.49,0,0,JP,2012w44
114,2012,45,124,113,2.49,2.49,0,0,JP,2012w45
114,2012,46,154,104,2.79,2.5899999,1,0,JP,2012w46
114,2012,47,202,86,2.1900001,2.49,1,0,JP,2012w47
114,2012,48,83,225,2.99,2.29,0,1,JP,2012w48
114,2012,49,141,84,2.29,3.1900001,0,0,JP,2012w49
114,2012,50,100,127,2.99,2.5899999,0,0,JP,2012w50
114,2012,51,138,88,2.79,2.99,0,0,JP,2012w51
114,2012,52,205,98,2.79,3.1900001,1,0,JP,2012w52
115,2011,1,128,104,2.1900001,2.29,0,0,JP,2011w1
115,2011,2,154,109,2.49,2.29,1,0,JP,2011w2
115,2011,3,152,104,2.49,2.29,1,0,JP,2011w3
115,2011,4,126,81,2.1900001,2.49,0,0,JP,2011w4
115,2011,5,179,89,2.29,2.5899999,1,0,JP,2011w5
115,2011,6,197,88,2.29,3.1900001,0,1,JP,2011w6
115,2011,7,139,70,2.49,3.1900001,0,0,JP,2011w7
115,2011,8,118,105,2.49,2.49,0,0,JP,2011w8
115,2011,9,96,111,2.79,2.5899999,0,0,JP,2011w9
115,2011,10,140,80,2.29,2.5899999,0,0,JP,2011w10
115,2011,11,156,83,2.49,2.99,0,0,JP,2011w11
115,2011,12,93,118,2.99,2.29,0,0,JP,2011w12
115,2011,13,94,121,2.99,2.49,0,0,JP,2011w13
115,2011,14,124,100,2.1900001,2.29,0,0,JP,2011w14
115,2011,15,145,67,2.29,2.99,0,0,JP,2011w15
115,2011,16,102,133,2.79,2.29,0,0,JP,2011w16
115,2011,17,145,76,2.79,3.1900001,0,0,JP,2011w17
115,2011,18,118,111,2.99,3.1900001,0,0,JP,2011w18
115,2011,19,117,94,2.79,2.5899999,0,0,JP,2011w19
115,2011,20,170,92,2.29,2.99,0,1,JP,2011w20
115,2011,21,126,83,2.79,3.1900001,0,0,JP,2011w21
115,2011,22,183,71,2.1900001,3.1900001,0,0,JP,2011w22
115,2011,23,125,108,2.79,2.5899999,1,0,JP,2011w23
115,2011,24,91,125,2.99,2.29,0,0,JP,2011w24
115,2011,25,98,123,2.99,2.49,0,0,JP,2011w25
115,2011,26,152,64,2.1900001,3.1900001,0,0,JP,2011w26
115,2011,27,117,82,2.49,2.99,0,0,JP,2011w27
115,2011,28,111,124,2.99,2.5899999,0,0,JP,2011w28
115,2011,29,144,84,2.29,2.5899999,1,0,JP,2011w29
115,2011,30,98,91,2.49,2.29,0,0,JP,2011w30
115,2011,31,177,66,2.29,3.1900001,0,0,JP,2011w31
115,2011,32,142,69,2.29,2.99,0,0,JP,2011w32
115,2011,33,171,60,2.1900001,2.99,0,0,JP,2011w33
115,2011,34,122,91,2.79,3.1900001,0,0,JP,2011w34
115,2011,35,114,101,2.49,2.5899999,0,0,JP,2011w35
115,2011,36,123,89,2.49,2.99,0,0,JP,2011w36
115,2011,37,91,92,2.79,2.5899999,0,0,JP,2011w37
115,2011,38,160,127,2.79,2.5899999,1,0,JP,2011w38
115,2011,39,148,94,2.79,3.1900001,0,0,JP,2011w39
115,2011,40,127,109,2.49,2.29,0,0,JP,2011w40
115,2011,41,133,92,2.1900001,2.29,0,0,JP,2011w41
115,2011,42,163,137,2.29,2.29,1,1,JP,2011w42
115,2011,43,111,101,2.79,3.1900001,0,0,JP,2011w43
115,2011,44,98,123,2.29,2.29,0,0,JP,2011w44
115,2011,45,125,100,2.29,2.29,0,0,JP,2011w45
115,2011,46,146,69,2.49,3.1900001,0,0,JP,2011w46
115,2011,47,117,107,2.1900001,2.29,0,0,JP,2011w47
115,2011,48,130,99,2.79,2.99,0,0,JP,2011w48
115,2011,49,146,85,2.1900001,2.49,0,0,JP,2011w49
115,2011,50,132,95,2.49,2.49,0,0,JP,2011w50
115,2011,51,115,121,2.99,2.49,0,0,JP,2011w51
115,2011,52,92,123,2.99,2.5899999,0,0,JP,2011w52
115,2012,1,125,104,2.49,2.49,0,0,JP,2012w1
115,2012,2,148,90,2.29,2.5899999,0,0,JP,2012w2
115,2012,3,103,109,2.79,2.49,0,0,JP,2012w3
115,2012,4,147,92,2.29,2.49,0,0,JP,2012w4
115,2012,5,165,62,2.1900001,3.1900001,0,0,JP,2012w5
115,2012,6,167,109,2.29,2.49,1,1,JP,2012w6
115,2012,7,111,97,2.99,2.99,0,0,JP,2012w7
115,2012,8,90,194,2.99,2.29,0,1,JP,2012w8
115,2012,9,124,92,2.99,3.1900001,0,0,JP,2012w9
115,2012,10,157,82,2.49,3.1900001,0,0,JP,2012w10
115,2012,11,119,112,2.1900001,2.29,0,0,JP,2012w11
115,2012,12,126,90,2.29,2.29,0,0,JP,2012w12
115,2012,13,96,100,2.99,2.5899999,0,0,JP,2012w13
115,2012,14,223,107,2.1900001,2.99,1,1,JP,2012w14
115,2012,15,170,91,2.79,3.1900001,0,0,JP,2012w15
115,2012,16,122,102,2.79,2.5899999,0,0,JP,2012w16
115,2012,17,167,72,2.49,3.1900001,0,0,JP,2012w17
115,2012,18,123,113,2.29,2.29,0,0,JP,2012w18
115,2012,19,95,142,2.79,2.29,0,0,JP,2012w19
115,2012,20,116,90,2.79,2.5899999,0,0,JP,2012w20
115,2012,21,106,113,2.99,2.5899999,0,0,JP,2012w21
115,2012,22,106,88,2.49,2.29,0,0,JP,2012w22
115,2012,23,105,105,2.79,2.49,0,0,JP,2012w23
115,2012,24,127,104,2.49,2.49,0,0,JP,2012w24
115,2012,25,131,147,2.1900001,2.29,0,1,JP,2012w25
115,2012,26,219,69,2.1900001,2.99,1,0,JP,2012w26
115,2012,27,92,102,2.79,2.49,0,0,JP,2012w27
115,2012,28,131,85,2.99,2.99,0,0,JP,2012w28
115,2012,29,148,91,2.29,3.1900001,0,1,JP,2012w29
115,2012,30,131,141,2.79,2.5899999,1,1,JP,2012w30
115,2012,31,99,101,2.79,2.29,0,0,JP,2012w31
115,2012,32,116,184,2.79,2.5899999,0,1,JP,2012w32
115,2012,33,112,90,2.1900001,2.29,0,0,JP,2012w33
115,2012,34,152,69,2.29,2.99,0,0,JP,2012w34
115,2012,35,127,171,2.49,2.29,0,1,JP,2012w35
115,2012,36,149,76,2.49,2.5899999,1,0,JP,2012w36
115,2012,37,117,104,2.79,2.5899999,0,0,JP,2012w37
115,2012,38,114,95,2.29,2.29,0,0,JP,2012w38
115,2012,39,110,115,2.79,2.5899999,0,0,JP,2012w39
115,2012,40,107,97,2.29,2.29,0,0,JP,2012w40
115,2012,41,118,105,2.49,2.29,0,0,JP,2012w41
115,2012,42,145,93,2.79,2.99,0,0,JP,2012w42
115,2012,43,105,118,2.49,2.49,0,1,JP,2012w43
115,2012,44,120,89,2.79,3.1900001,0,0,JP,2012w44
115,2012,45,138,72,2.49,2.99,0,0,JP,2012w45
115,2012,46,142,87,2.29,2.5899999,0,0,JP,2012w46
115,2012,47,127,82,2.29,2.49,0,0,JP,2012w47
115,2012,48,110,89,2.1900001,2.29,0,0,JP,2012w48
115,2012,49,126,91,2.49,2.49,0,0,JP,2012w49
115,2012,50,125,106,2.29,2.29,0,0,JP,2012w50
115,2012,51,93,131,2.79,2.5899999,0,1,JP,2012w51
115,2012,52,108,88,2.79,2.99,0,0,JP,2012w52
116,2011,1,138,103,2.79,2.99,0,0,JP,2011w1
116,2011,2,182,99,2.1900001,2.29,1,0,JP,2011w2
116,2011,3,127,103,2.29,2.5899999,0,0,JP,2011w3
116,2011,4,124,93,2.1900001,2.49,0,0,JP,2011w4
116,2011,5,186,63,2.1900001,3.1900001,0,0,JP,2011w5
116,2011,6,121,135,2.29,2.5899999,0,1,JP,2011w6
116,2011,7,111,107,2.99,2.5899999,0,0,JP,2011w7
116,2011,8,180,98,2.1900001,3.1900001,0,1,JP,2011w8
116,2011,9,139,74,2.1900001,2.99,0,0,JP,2011w9
116,2011,10,153,91,2.29,2.29,0,0,JP,2011w10
116,2011,11,98,98,2.79,2.5899999,0,0,JP,2011w11
116,2011,12,126,82,2.49,2.49,0,0,JP,2011w12
116,2011,13,94,179,2.99,2.49,0,1,JP,2011w13
116,2011,14,156,77,2.79,3.1900001,0,0,JP,2011w14
116,2011,15,129,92,2.29,2.49,0,0,JP,2011w15
116,2011,16,202,93,2.79,3.1900001,1,0,JP,2011w16
116,2011,17,124,84,2.1900001,2.49,0,0,JP,2011w17
116,2011,18,82,129,2.99,2.29,0,0,JP,2011w18
116,2011,19,116,145,2.29,2.29,0,1,JP,2011w19
116,2011,20,105,101,2.79,2.49,0,0,JP,2011w20
116,2011,21,111,128,2.49,2.29,0,0,JP,2011w21
116,2011,22,160,71,2.49,3.1900001,0,0,JP,2011w22
116,2011,23,79,190,2.99,2.29,0,1,JP,2011w23
116,2011,24,148,71,2.49,3.1900001,0,0,JP,2011w24
116,2011,25,121,124,2.49,2.29,0,0,JP,2011w25
116,2011,26,126,94,2.49,2.5899999,0,0,JP,2011w26
116,2011,27,178,81,2.1900001,2.99,0,0,JP,2011w27
116,2011,28,136,79,2.79,3.1900001,0,0,JP,2011w28
116,2011,29,128,103,2.99,2.99,0,0,JP,2011w29
116,2011,30,124,97,2.49,2.5899999,0,0,JP,2011w30
116,2011,31,201,65,2.29,2.99,1,0,JP,2011w31
116,2011,32,112,110,2.79,2.49,0,0,JP,2011w32
116,2011,33,146,73,2.29,2.99,0,0,JP,2011w33
116,2011,34,167,80,2.1900001,2.99,0,0,JP,2011w34
116,2011,35,178,68,2.29,2.99,0,0,JP,2011w35
116,2011,36,150,74,2.49,3.1900001,0,0,JP,2011w36
116,2011,37,122,100,2.29,2.49,0,0,JP,2011w37
116,2011,38,158,77,2.29,3.1900001,0,0,JP,2011w38
116,2011,39,115,140,2.29,2.29,0,1,JP,2011w39
116,2011,40,100,96,2.99,2.99,0,0,JP,2011w40
116,2011,41,166,130,2.1900001,2.5899999,0,1,JP,2011w41
116,2011,42,149,106,2.29,2.5899999,0,1,JP,2011w42
116,2011,43,106,117,2.99,2.5899999,0,0,JP,2011w43
116,2011,44,100,125,2.1900001,2.29,0,1,JP,2011w44
116,2011,45,182,78,2.29,3.1900001,0,0,JP,2011w45
116,2011,46,154,84,2.49,2.99,0,0,JP,2011w46
116,2011,47,132,70,2.1900001,2.99,0,0,JP,2011w47
116,2011,48,144,92,2.29,2.5899999,0,0,JP,2011w48
116,2011,49,125,94,2.29,2.5899999,0,0,JP,2011w49
116,2011,50,105,123,2.49,2.29,0,0,JP,2011w50
116,2011,51,126,81,2.99,3.1900001,0,0,JP,2011w51
116,2011,52,149,58,2.1900001,3.1900001,0,0,JP,2011w52
116,2012,1,143,94,2.29,2.29,0,0,JP,2012w1
116,2012,2,115,109,2.99,3.1900001,0,0,JP,2012w2
116,2012,3,143,96,2.29,2.5899999,0,0,JP,2012w3
116,2012,4,223,76,2.1900001,3.1900001,1,0,JP,2012w4
116,2012,5,90,149,2.99,2.29,0,0,JP,2012w5
116,2012,6,129,73,2.49,2.99,0,0,JP,2012w6
116,2012,7,111,111,2.49,2.29,0,0,JP,2012w7
116,2012,8,111,109,2.49,2.29,0,0,JP,2012w8
116,2012,9,147,85,2.49,2.99,0,0,JP,2012w9
116,2012,10,102,122,2.79,2.5899999,0,0,JP,2012w10
116,2012,11,134,132,2.29,2.49,0,1,JP,2012w11
116,2012,12,137,101,2.79,2.99,0,0,JP,2012w12
116,2012,13,150,80,2.1900001,2.99,0,0,JP,2012w13
116,2012,14,142,74,2.1900001,2.5899999,0,0,JP,2012w14
116,2012,15,119,85,2.29,2.5899999,0,0,JP,2012w15
116,2012,16,125,89,2.49,2.49,0,0,JP,2012w16
116,2012,17,200,70,2.49,3.1900001,1,0,JP,2012w17
116,2012,18,153,102,2.99,2.49,1,0,JP,2012w18
116,2012,19,139,93,2.1900001,2.5899999,0,0,JP,2012w19
116,2012,20,98,110,2.49,2.29,0,0,JP,2012w20
116,2012,21,151,108,2.49,2.99,0,1,JP,2012w21
116,2012,22,199,82,2.79,3.1900001,1,0,JP,2012w22
116,2012,23,122,83,2.1900001,2.29,0,0,JP,2012w23
116,2012,24,93,134,2.79,2.29,0,0,JP,2012w24
116,2012,25,81,113,2.99,2.29,0,0,JP,2012w25
116,2012,26,109,115,2.79,2.49,0,0,JP,2012w26
116,2012,27,115,79,2.49,2.49,0,0,JP,2012w27
116,2012,28,86,146,2.99,2.29,0,0,JP,2012w28
116,2012,29,144,95,2.29,2.49,0,0,JP,2012w29
116,2012,30,121,87,2.1900001,2.29,0,0,JP,2012w30
116,2012,31,135,62,2.29,3.1900001,0,0,JP,2012w31
116,2012,32,167,71,2.29,2.99,0,0,JP,2012w32
116,2012,33,159,82,2.29,2.5899999,0,0,JP,2012w33
116,2012,34,151,90,2.79,3.1900001,0,0,JP,2012w34
116,2012,35,193,87,2.29,2.49,1,0,JP,2012w35
116,2012,36,247,84,2.1900001,2.99,1,0,JP,2012w36
116,2012,37,114,133,2.49,2.49,0,1,JP,2012w37
116,2012,38,113,85,2.99,2.99,0,0,JP,2012w38
116,2012,39,142,92,2.49,3.1900001,0,0,JP,2012w39
116,2012,40,118,91,2.99,2.99,0,0,JP,2012w40
116,2012,41,103,112,2.79,2.49,0,0,JP,2012w41
116,2012,42,121,88,2.79,2.99,0,0,JP,2012w42
116,2012,43,174,75,2.1900001,2.99,0,0,JP,2012w43
116,2012,44,106,95,2.29,2.29,0,0,JP,2012w44
116,2012,45,171,66,2.1900001,3.1900001,0,0,JP,2012w45
116,2012,46,201,74,2.1900001,2.99,1,0,JP,2012w46
116,2012,47,102,88,2.79,2.5899999,0,0,JP,2012w47
116,2012,48,111,98,2.79,2.5899999,0,0,JP,2012w48
116,2012,49,94,153,2.99,2.29,0,0,JP,2012w49
116,2012,50,143,110,2.49,3.1900001,0,1,JP,2012w50
116,2012,51,119,113,2.49,2.29,0,0,JP,2012w51
116,2012,52,111,114,2.49,2.29,0,0,JP,2012w52
117,2011,1,110,121,2.99,2.49,0,0,JP,2011w1
117,2011,2,117,128,2.79,2.49,0,0,JP,2011w2
117,2011,3,192,80,2.1900001,2.5899999,1,0,JP,2011w3
117,2011,4,187,72,2.29,3.1900001,0,0,JP,2011w4
117,2011,5,100,151,2.99,2.49,0,1,JP,2011w5
117,2011,6,168,102,2.49,2.5899999,1,0,JP,2011w6
117,2011,7,89,146,2.99,2.29,0,0,JP,2011w7
117,2011,8,85,118,2.79,2.29,0,0,JP,2011w8
117,2011,9,118,97,2.49,2.29,0,0,JP,2011w9
117,2011,10,140,99,2.1900001,2.29,0,0,JP,2011w10
117,2011,11,121,85,2.29,2.29,0,0,JP,2011w11
117,2011,12,147,113,2.1900001,2.29,0,0,JP,2011w12
117,2011,13,125,80,2.29,2.29,0,0,JP,2011w13
117,2011,14,124,76,2.49,3.1900001,0,0,JP,2011w14
117,2011,15,184,102,2.79,2.99,1,1,JP,2011w15
117,2011,16,124,84,2.29,2.49,0,0,JP,2011w16
117,2011,17,130,92,2.49,2.5899999,0,0,JP,2011w17
117,2011,18,124,129,2.29,2.49,0,1,JP,2011w18
117,2011,19,119,109,2.49,2.5899999,0,0,JP,2011w19
117,2011,20,100,92,2.29,2.49,0,0,JP,2011w20
117,2011,21,132,89,2.29,2.49,0,0,JP,2011w21
117,2011,22,188,71,2.29,2.5899999,1,0,JP,2011w22
117,2011,23,135,82,2.79,3.1900001,0,0,JP,2011w23
117,2011,24,112,103,2.49,2.49,0,0,JP,2011w24
117,2011,25,185,103,2.79,2.99,1,0,JP,2011w25
117,2011,26,163,85,2.1900001,2.99,0,0,JP,2011w26
117,2011,27,116,104,2.49,2.5899999,0,0,JP,2011w27
117,2011,28,158,52,2.29,3.1900001,0,0,JP,2011w28
117,2011,29,135,95,2.1900001,2.29,0,0,JP,2011w29
117,2011,30,148,150,2.99,3.1900001,0,1,JP,2011w30
117,2011,31,154,84,2.49,2.99,0,0,JP,2011w31
117,2011,32,201,92,2.1900001,3.1900001,0,1,JP,2011w32
117,2011,33,146,84,2.1900001,2.49,0,0,JP,2011w33
117,2011,34,96,96,2.79,2.49,0,0,JP,2011w34
117,2011,35,146,73,2.79,3.1900001,0,0,JP,2011w35
117,2011,36,120,88,2.29,2.49,0,0,JP,2011w36
117,2011,37,127,89,2.29,2.49,0,0,JP,2011w37
117,2011,38,122,79,2.1900001,2.29,0,0,JP,2011w38
117,2011,39,128,91,2.1900001,2.49,0,0,JP,2011w39
117,2011,40,134,79,2.49,2.5899999,0,0,JP,2011w40
117,2011,41,114,92,2.99,2.5899999,0,0,JP,2011w41
117,2011,42,103,145,2.99,2.49,0,0,JP,2011w42
117,2011,43,170,66,2.49,3.1900001,0,0,JP,2011w43
117,2011,44,97,127,2.79,2.29,0,0,JP,2011w44
117,2011,45,134,110,2.79,3.1900001,0,1,JP,2011w45
117,2011,46,112,97,2.79,2.49,0,0,JP,2011w46
117,2011,47,157,80,2.1900001,2.99,0,0,JP,2011w47
117,2011,48,146,95,2.79,3.1900001,0,0,JP,2011w48
117,2011,49,101,119,2.79,2.49,0,0,JP,2011w49
117,2011,50,136,103,2.79,2.99,0,0,JP,2011w50
117,2011,51,162,79,2.49,2.99,0,0,JP,2011w51
117,2011,52,170,86,2.1900001,2.99,0,0,JP,2011w52
117,2012,1,162,91,2.49,3.1900001,0,0,JP,2012w1
117,2012,2,129,95,2.99,3.1900001,0,0,JP,2012w2
117,2012,3,170,107,2.29,3.1900001,0,1,JP,2012w3
117,2012,4,107,92,2.99,2.99,0,0,JP,2012w4
117,2012,5,102,129,2.99,2.49,0,0,JP,2012w5
117,2012,6,125,105,2.29,2.29,0,0,JP,2012w6
117,2012,7,120,93,2.1900001,2.29,0,0,JP,2012w7
117,2012,8,112,164,2.49,2.29,0,1,JP,2012w8
117,2012,9,214,75,2.29,2.99,1,0,JP,2012w9
117,2012,10,123,116,2.1900001,2.29,0,1,JP,2012w10
117,2012,11,136,81,2.1900001,2.49,0,0,JP,2012w11
117,2012,12,136,96,2.49,2.5899999,0,0,JP,2012w12
117,2012,13,140,85,2.49,2.99,0,0,JP,2012w13
117,2012,14,86,111,2.99,2.5899999,0,0,JP,2012w14
117,2012,15,101,122,2.79,2.29,0,0,JP,2012w15
117,2012,16,132,94,2.79,2.99,0,0,JP,2012w16
117,2012,17,112,108,2.79,2.5899999,0,0,JP,2012w17
117,2012,18,98,143,2.79,2.29,0,0,JP,2012w18
117,2012,19,109,104,2.99,2.99,0,0,JP,2012w19
117,2012,20,122,113,2.1900001,2.5899999,0,1,JP,2012w20
117,2012,21,94,144,2.79,2.49,0,1,JP,2012w21
117,2012,22,88,111,2.99,2.49,0,0,JP,2012w22
117,2012,23,180,62,2.1900001,2.99,0,0,JP,2012w23
117,2012,24,119,93,2.49,2.5899999,0,0,JP,2012w24
117,2012,25,162,69,2.29,3.1900001,0,0,JP,2012w25
117,2012,26,188,68,2.1900001,3.1900001,1,0,JP,2012w26
117,2012,27,142,73,2.29,2.99,0,0,JP,2012w27
117,2012,28,119,127,2.79,2.49,0,0,JP,2012w28
117,2012,29,90,103,2.79,2.49,0,0,JP,2012w29
117,2012,30,149,79,2.29,2.5899999,0,0,JP,2012w30
117,2012,31,136,137,2.99,3.1900001,0,1,JP,2012w31
117,2012,32,153,85,2.29,2.5899999,1,0,JP,2012w32
117,2012,33,113,116,2.99,2.5899999,0,0,JP,2012w33
117,2012,34,167,67,2.1900001,2.99,0,0,JP,2012w34
117,2012,35,120,106,2.49,2.29,0,0,JP,2012w35
117,2012,36,125,86,2.29,2.49,0,0,JP,2012w36
117,2012,37,118,75,2.49,2.49,0,0,JP,2012w37
117,2012,38,83,115,2.79,2.29,0,0,JP,2012w38
117,2012,39,94,130,2.79,2.29,0,0,JP,2012w39
117,2012,40,236,70,2.1900001,2.99,1,0,JP,2012w40
117,2012,41,140,80,2.1900001,2.5899999,0,0,JP,2012w41
117,2012,42,108,149,2.99,2.5899999,0,1,JP,2012w42
117,2012,43,93,123,2.99,2.49,0,0,JP,2012w43
117,2012,44,171,84,2.49,2.99,0,0,JP,2012w44
117,2012,45,189,76,2.29,2.5899999,1,0,JP,2012w45
117,2012,46,143,91,2.99,2.99,0,0,JP,2012w46
117,2012,47,162,85,2.29,3.1900001,0,0,JP,2012w47
117,2012,48,108,109,2.49,2.49,0,0,JP,2012w48
117,2012,49,158,91,2.29,2.5899999,0,0,JP,2012w49
117,2012,50,138,91,2.1900001,2.29,0,0,JP,2012w50
117,2012,51,193,75,2.1900001,3.1900001,0,0,JP,2012w51
117,2012,52,177,86,2.1900001,2.49,1,0,JP,2012w52
118,2011,1,125,86,2.1900001,2.5899999,0,0,AU,2011w1
118,2011,2,136,85,2.79,2.99,0,0,AU,2011w2
118,2011,3,148,69,2.49,2.99,0,0,AU,2011w3
118,2011,4,151,91,2.1900001,2.29,1,0,AU,2011w4
118,2011,5,127,114,2.29,2.5899999,0,1,AU,2011w5
118,2011,6,122,89,2.49,2.5899999,0,0,AU,2011w6
118,2011,7,119,128,2.29,2.29,0,1,AU,2011w7
118,2011,8,138,71,2.49,2.99,0,0,AU,2011w8
118,2011,9,102,108,2.79,2.5899999,0,0,AU,2011w9
118,2011,10,150,107,2.29,2.29,0,0,AU,2011w10
118,2011,11,88,131,2.79,2.29,0,0,AU,2011w11
118,2011,12,130,123,2.79,2.5899999,1,1,AU,2011w12
118,2011,13,203,77,2.49,3.1900001,1,0,AU,2011w13
118,2011,14,173,64,2.29,3.1900001,0,0,AU,2011w14
118,2011,15,132,104,2.49,2.5899999,0,0,AU,2011w15
118,2011,16,142,80,2.49,3.1900001,0,0,AU,2011w16
118,2011,17,174,66,2.1900001,3.1900001,0,0,AU,2011w17
118,2011,18,116,94,2.29,2.49,0,0,AU,2011w18
118,2011,19,132,149,2.79,2.99,0,1,AU,2011w19
118,2011,20,136,94,2.79,2.99,0,0,AU,2011w20
118,2011,21,83,166,2.99,2.29,0,1,AU,2011w21
118,2011,22,141,111,2.99,2.99,0,0,AU,2011w22
118,2011,23,88,172,2.99,2.29,0,1,AU,2011w23
118,2011,24,85,149,2.99,2.29,0,0,AU,2011w24
118,2011,25,201,66,2.1900001,3.1900001,0,0,AU,2011w25
118,2011,26,190,60,2.1900001,3.1900001,0,0,AU,2011w26
118,2011,27,134,85,2.29,2.5899999,0,0,AU,2011w27
118,2011,28,134,109,2.1900001,2.5899999,0,1,AU,2011w28
118,2011,29,167,80,2.49,2.99,1,0,AU,2011w29
118,2011,30,111,137,2.99,2.49,0,1,AU,2011w30
118,2011,31,143,100,2.79,2.49,1,0,AU,2011w31
118,2011,32,123,96,2.49,2.49,0,0,AU,2011w32
118,2011,33,221,104,2.1900001,2.99,1,1,AU,2011w33
118,2011,34,133,75,2.49,2.99,0,0,AU,2011w34
118,2011,35,152,97,2.49,2.99,1,0,AU,2011w35
118,2011,36,138,92,2.29,2.5899999,0,0,AU,2011w36
118,2011,37,141,102,2.79,2.99,0,0,AU,2011w37
118,2011,38,139,154,2.79,2.99,0,1,AU,2011w38
118,2011,39,126,100,2.1900001,2.29,0,0,AU,2011w39
118,2011,40,105,94,2.79,2.49,0,0,AU,2011w40
118,2011,41,117,107,2.29,2.49,0,0,AU,2011w41
118,2011,42,97,105,2.79,2.49,0,0,AU,2011w42
118,2011,43,232,59,2.1900001,2.99,1,0,AU,2011w43
118,2011,44,115,89,2.29,2.49,0,0,AU,2011w44
118,2011,45,156,72,2.49,3.1900001,0,0,AU,2011w45
118,2011,46,113,112,2.29,2.29,0,0,AU,2011w46
118,2011,47,140,91,2.1900001,2.49,0,0,AU,2011w47
118,2011,48,118,109,2.49,2.5899999,0,0,AU,2011w48
118,2011,49,110,80,2.49,2.29,0,0,AU,2011w49
118,2011,50,139,88,2.29,2.49,0,0,AU,2011w50
118,2011,51,156,101,2.49,2.99,1,0,AU,2011w51
118,2011,52,142,86,2.49,2.99,0,0,AU,2011w52
118,2012,1,152,69,2.49,3.1900001,0,0,AU,2012w1
118,2012,2,146,99,2.1900001,2.5899999,0,0,AU,2012w2
118,2012,3,156,75,2.1900001,2.99,0,0,AU,2012w3
118,2012,4,104,95,2.79,2.49,0,0,AU,2012w4
118,2012,5,136,95,2.99,3.1900001,0,0,AU,2012w5
118,2012,6,202,79,2.1900001,2.49,1,0,AU,2012w6
118,2012,7,150,94,2.1900001,2.5899999,0,0,AU,2012w7
118,2012,8,133,86,2.49,2.99,0,0,AU,2012w8
118,2012,9,104,113,2.49,2.29,0,0,AU,2012w9
118,2012,10,106,119,2.99,2.5899999,0,0,AU,2012w10
118,2012,11,107,89,2.49,2.5899999,0,0,AU,2012w11
118,2012,12,73,105,2.99,2.49,0,0,AU,2012w12
118,2012,13,115,93,2.99,2.99,0,0,AU,2012w13
118,2012,14,135,173,2.79,2.5899999,1,1,AU,2012w14
118,2012,15,87,114,2.99,2.49,0,0,AU,2012w15
118,2012,16,167,70,2.29,2.99,0,0,AU,2012w16
118,2012,17,149,84,2.79,3.1900001,0,0,AU,2012w17
118,2012,18,154,88,2.1900001,2.49,0,0,AU,2012w18
118,2012,19,183,60,2.1900001,2.99,0,0,AU,2012w19
118,2012,20,124,90,2.29,2.5899999,0,0,AU,2012w20
118,2012,21,159,80,2.79,3.1900001,0,0,AU,2012w21
118,2012,22,108,89,2.49,2.99,0,0,AU,2012w22
118,2012,23,144,70,2.49,3.1900001,0,0,AU,2012w23
118,2012,24,124,89,2.79,2.99,0,0,AU,2012w24
118,2012,25,159,102,2.99,3.1900001,0,0,AU,2012w25
118,2012,26,108,98,2.79,2.5899999,0,0,AU,2012w26
118,2012,27,150,96,2.1900001,2.5899999,0,0,AU,2012w27
118,2012,28,142,67,2.29,3.1900001,0,0,AU,2012w28
118,2012,29,163,74,2.29,2.99,0,0,AU,2012w29
118,2012,30,222,80,2.29,3.1900001,1,0,AU,2012w30
118,2012,31,136,89,2.99,2.99,0,0,AU,2012w31
118,2012,32,142,78,2.49,2.99,0,0,AU,2012w32
118,2012,33,190,70,2.1900001,2.99,0,0,AU,2012w33
118,2012,34,140,88,2.99,3.1900001,0,0,AU,2012w34
118,2012,35,112,105,2.29,2.29,0,0,AU,2012w35
118,2012,36,170,63,2.49,3.1900001,0,0,AU,2012w36
118,2012,37,125,77,2.29,2.49,0,0,AU,2012w37
118,2012,38,161,87,2.29,2.29,1,0,AU,2012w38
118,2012,39,198,73,2.49,2.99,1,0,AU,2012w39
118,2012,40,151,80,2.1900001,2.29,1,0,AU,2012w40
118,2012,41,132,107,2.49,2.5899999,0,0,AU,2012w41
118,2012,42,160,62,2.1900001,2.99,0,0,AU,2012w42
118,2012,43,126,123,2.49,2.29,0,0,AU,2012w43
118,2012,44,117,110,2.79,2.29,0,0,AU,2012w44
118,2012,45,100,106,2.79,2.5899999,0,0,AU,2012w45
118,2012,46,116,104,2.29,2.29,0,0,AU,2012w46
118,2012,47,153,92,2.49,2.5899999,1,0,AU,2012w47
118,2012,48,144,136,2.79,2.99,0,1,AU,2012w48
118,2012,49,174,77,2.49,3.1900001,0,0,AU,2012w49
118,2012,50,125,105,2.99,2.99,0,0,AU,2012w50
118,2012,51,193,107,2.29,2.49,1,0,AU,2012w51
118,2012,52,183,82,2.29,2.49,1,0,AU,2012w52
119,2011,1,120,131,2.99,2.5899999,0,0,CN,2011w1
119,2011,2,136,76,2.1900001,2.49,0,0,CN,2011w2
119,2011,3,109,120,2.79,2.5899999,0,0,CN,2011w3
119,2011,4,127,86,2.29,2.49,0,0,CN,2011w4
119,2011,5,103,154,2.99,2.99,0,1,CN,2011w5
119,2011,6,135,83,2.79,2.99,0,0,CN,2011w6
119,2011,7,114,115,2.49,2.49,0,0,CN,2011w7
119,2011,8,156,57,2.1900001,2.99,0,0,CN,2011w8
119,2011,9,110,121,2.49,2.29,0,0,CN,2011w9
119,2011,10,151,99,2.49,2.5899999,1,0,CN,2011w10
119,2011,11,95,121,2.99,2.29,0,0,CN,2011w11
119,2011,12,96,129,2.99,2.29,0,0,CN,2011w12
119,2011,13,133,100,2.29,2.5899999,0,0,CN,2011w13
119,2011,14,93,121,2.99,2.5899999,0,0,CN,2011w14
119,2011,15,167,80,2.29,2.99,0,0,CN,2011w15
119,2011,16,149,86,2.1900001,2.5899999,0,0,CN,2011w16
119,2011,17,110,97,2.99,2.99,0,0,CN,2011w17
119,2011,18,120,105,2.1900001,2.29,0,0,CN,2011w18
119,2011,19,113,102,2.49,2.29,0,0,CN,2011w19
119,2011,20,123,108,2.29,2.29,0,0,CN,2011w20
119,2011,21,125,109,2.29,2.29,0,0,CN,2011w21
119,2011,22,174,67,2.1900001,3.1900001,0,0,CN,2011w22
119,2011,23,114,90,2.99,3.1900001,0,0,CN,2011w23
119,2011,24,169,66,2.49,3.1900001,0,0,CN,2011w24
119,2011,25,195,63,2.29,2.99,1,0,CN,2011w25
119,2011,26,110,105,2.49,2.49,0,0,CN,2011w26
119,2011,27,196,72,2.29,3.1900001,0,0,CN,2011w27
119,2011,28,163,74,2.29,3.1900001,0,0,CN,2011w28
119,2011,29,201,112,2.29,2.99,1,1,CN,2011w29
119,2011,30,176,87,2.29,3.1900001,0,0,CN,2011w30
119,2011,31,154,79,2.29,2.99,0,0,CN,2011w31
119,2011,32,97,116,2.99,2.29,0,0,CN,2011w32
119,2011,33,108,90,2.29,2.29,0,0,CN,2011w33
119,2011,34,127,93,2.29,2.49,0,0,CN,2011w34
119,2011,35,119,131,2.49,2.49,0,1,CN,2011w35
119,2011,36,131,132,2.99,3.1900001,0,1,CN,2011w36
119,2011,37,171,84,2.49,3.1900001,0,0,CN,2011w37
119,2011,38,105,99,2.99,2.49,0,0,CN,2011w38
119,2011,39,103,86,2.99,2.5899999,0,0,CN,2011w39
119,2011,40,130,84,2.79,3.1900001,0,0,CN,2011w40
119,2011,41,96,97,2.49,2.29,0,0,CN,2011w41
119,2011,42,116,81,2.1900001,2.29,0,0,CN,2011w42
119,2011,43,198,81,2.49,3.1900001,1,0,CN,2011w43
119,2011,44,133,92,2.49,2.49,1,0,CN,2011w44
119,2011,45,94,137,2.99,2.29,0,0,CN,2011w45
119,2011,46,112,104,2.1900001,2.29,0,0,CN,2011w46
119,2011,47,136,134,2.29,2.29,0,1,CN,2011w47
119,2011,48,77,134,2.99,2.29,0,0,CN,2011w48
119,2011,49,147,162,2.79,2.49,1,1,CN,2011w49
119,2011,50,143,117,2.29,2.5899999,0,1,CN,2011w50
119,2011,51,115,173,2.99,2.49,0,1,CN,2011w51
119,2011,52,204,86,2.29,2.99,1,0,CN,2011w52
119,2012,1,149,64,2.29,3.1900001,0,0,CN,2012w1
119,2012,2,136,97,2.29,2.49,0,0,CN,2012w2
119,2012,3,115,89,2.79,2.5899999,0,0,CN,2012w3
119,2012,4,144,77,2.49,2.99,0,0,CN,2012w4
119,2012,5,99,161,2.99,2.5899999,0,1,CN,2012w5
119,2012,6,135,83,2.29,2.5899999,0,0,CN,2012w6
119,2012,7,99,135,2.99,2.49,0,0,CN,2012w7
119,2012,8,139,95,2.79,3.1900001,0,0,CN,2012w8
119,2012,9,88,129,2.99,2.49,0,0,CN,2012w9
119,2012,10,111,96,2.79,2.49,0,0,CN,2012w10
119,2012,11,131,90,2.99,3.1900001,0,0,CN,2012w11
119,2012,12,234,80,2.29,3.1900001,1,0,CN,2012w12
119,2012,13,144,111,2.29,2.29,0,0,CN,2012w13
119,2012,14,117,112,2.79,2.29,0,0,CN,2012w14
119,2012,15,117,124,2.79,2.49,0,0,CN,2012w15
119,2012,16,149,74,2.29,3.1900001,0,0,CN,2012w16
119,2012,17,118,104,2.99,2.99,0,0,CN,2012w17
119,2012,18,185,95,2.49,2.99,1,0,CN,2012w18
119,2012,19,161,93,2.29,2.99,0,1,CN,2012w19
119,2012,20,150,90,2.1900001,2.29,0,0,CN,2012w20
119,2012,21,127,113,2.29,2.29,0,0,CN,2012w21
119,2012,22,155,67,2.49,3.1900001,0,0,CN,2012w22
119,2012,23,162,80,2.1900001,2.99,0,0,CN,2012w23
119,2012,24,118,169,2.99,2.5899999,0,1,CN,2012w24
119,2012,25,172,86,2.79,2.99,1,0,CN,2012w25
119,2012,26,109,129,2.49,2.29,0,0,CN,2012w26
119,2012,27,120,109,2.49,2.49,0,0,CN,2012w27
119,2012,28,227,73,2.1900001,2.99,1,0,CN,2012w28
119,2012,29,96,105,2.79,2.29,0,0,CN,2012w29
119,2012,30,113,86,2.79,2.99,0,0,CN,2012w30
119,2012,31,128,111,2.99,2.49,1,0,CN,2012w31
119,2012,32,162,73,2.1900001,2.99,0,0,CN,2012w32
119,2012,33,162,127,2.1900001,2.29,1,1,CN,2012w33
119,2012,34,118,88,2.79,3.1900001,0,0,CN,2012w34
119,2012,35,119,128,2.79,2.5899999,0,0,CN,2012w35
119,2012,36,127,117,2.79,2.5899999,0,0,CN,2012w36
119,2012,37,122,93,2.99,2.99,0,0,CN,2012w37
119,2012,38,146,86,2.49,2.99,0,0,CN,2012w38
119,2012,39,104,111,2.79,2.49,0,0,CN,2012w39
119,2012,40,113,71,2.29,2.5899999,0,0,CN,2012w40
119,2012,41,112,109,2.1900001,2.29,0,0,CN,2012w41
119,2012,42,167,80,2.1900001,2.49,0,0,CN,2012w42
119,2012,43,173,91,2.1900001,2.99,0,0,CN,2012w43
119,2012,44,110,126,2.99,2.5899999,0,0,CN,2012w44
119,2012,45,138,108,2.79,2.99,1,0,CN,2012w45
119,2012,46,118,92,2.49,2.49,0,0,CN,2012w46
119,2012,47,122,88,2.29,2.5899999,0,0,CN,2012w47
119,2012,48,117,78,2.79,3.1900001,0,0,CN,2012w48
119,2012,49,163,83,2.29,2.99,0,0,CN,2012w49
119,2012,50,144,111,2.99,3.1900001,0,0,CN,2012w50
119,2012,51,116,80,2.1900001,2.29,0,0,CN,2012w51
119,2012,52,108,114,2.49,2.29,0,0,CN,2012w52
120,2011,1,97,113,2.79,2.29,0,0,CN,2011w1
120,2011,2,196,77,2.1900001,2.99,1,0,CN,2011w2
120,2011,3,103,109,2.49,2.29,0,0,CN,2011w3
120,2011,4,122,168,2.79,2.49,0,1,CN,2011w4
120,2011,5,169,69,2.1900001,2.99,0,0,CN,2011w5
120,2011,6,105,110,2.99,2.5899999,0,0,CN,2011w6
120,2011,7,96,130,2.79,2.29,0,0,CN,2011w7
120,2011,8,180,52,2.1900001,3.1900001,0,0,CN,2011w8
120,2011,9,93,105,2.99,2.49,0,0,CN,2011w9
120,2011,10,163,129,2.1900001,2.5899999,0,1,CN,2011w10
120,2011,11,132,87,2.79,3.1900001,0,0,CN,2011w11
120,2011,12,104,113,2.99,2.5899999,0,0,CN,2011w12
120,2011,13,131,89,2.29,2.29,0,0,CN,2011w13
120,2011,14,133,100,2.29,2.5899999,0,0,CN,2011w14
120,2011,15,151,92,2.79,3.1900001,0,0,CN,2011w15
120,2011,16,91,137,2.99,2.49,0,1,CN,2011w16
120,2011,17,150,86,2.49,3.1900001,0,0,CN,2011w17
120,2011,18,105,118,2.79,2.49,0,0,CN,2011w18
120,2011,19,99,124,2.99,2.5899999,0,0,CN,2011w19
120,2011,20,138,84,2.49,2.99,0,0,CN,2011w20
120,2011,21,91,132,2.99,2.29,0,0,CN,2011w21
120,2011,22,116,125,2.79,2.5899999,0,0,CN,2011w22
120,2011,23,125,92,2.1900001,2.29,0,0,CN,2011w23
120,2011,24,110,110,2.29,2.29,0,0,CN,2011w24
120,2011,25,176,65,2.1900001,2.99,0,0,CN,2011w25
120,2011,26,109,113,2.79,2.5899999,0,0,CN,2011w26
120,2011,27,127,143,2.79,2.29,1,0,CN,2011w27
120,2011,28,191,83,2.79,2.99,1,0,CN,2011w28
120,2011,29,127,108,2.79,2.5899999,0,0,CN,2011w29
120,2011,30,126,101,2.79,2.49,0,0,CN,2011w30
120,2011,31,143,91,2.1900001,2.5899999,0,0,CN,2011w31
120,2011,32,105,109,2.29,2.29,0,0,CN,2011w32
120,2011,33,102,119,2.99,2.5899999,0,0,CN,2011w33
120,2011,34,111,111,2.99,2.49,0,0,CN,2011w34
120,2011,35,124,126,2.99,2.29,1,0,CN,2011w35
120,2011,36,135,96,2.99,2.99,1,0,CN,2011w36
120,2011,37,91,169,2.79,2.5899999,0,1,CN,2011w37
120,2011,38,132,86,2.29,2.5899999,0,0,CN,2011w38
120,2011,39,171,69,2.1900001,2.99,0,0,CN,2011w39
120,2011,40,133,79,2.29,2.49,0,0,CN,2011w40
120,2011,41,168,103,2.1900001,3.1900001,0,1,CN,2011w41
120,2011,42,105,96,2.99,3.1900001,0,0,CN,2011w42
120,2011,43,221,103,2.1900001,2.99,1,1,CN,2011w43
120,2011,44,157,109,2.49,2.99,0,1,CN,2011w44
120,2011,45,166,59,2.1900001,2.99,0,0,CN,2011w45
120,2011,46,124,115,2.99,2.5899999,0,0,CN,2011w46
120,2011,47,108,105,2.79,2.5899999,0,0,CN,2011w47
120,2011,48,97,89,2.49,2.29,0,0,CN,2011w48
120,2011,49,173,67,2.29,3.1900001,0,0,CN,2011w49
120,2011,50,133,81,2.79,3.1900001,0,0,CN,2011w50
120,2011,51,137,139,2.79,2.99,0,1,CN,2011w51
120,2011,52,106,110,2.99,2.5899999,0,0,CN,2011w52
120,2012,1,145,80,2.29,2.49,0,0,CN,2012w1
120,2012,2,103,95,2.49,2.49,0,0,CN,2012w2
120,2012,3,101,127,2.99,2.5899999,0,0,CN,2012w3
120,2012,4,176,73,2.1900001,2.99,1,0,CN,2012w4
120,2012,5,144,90,2.29,2.49,0,0,CN,2012w5
120,2012,6,122,88,2.49,2.49,0,0,CN,2012w6
120,2012,7,180,72,2.1900001,3.1900001,0,0,CN,2012w7
120,2012,8,125,103,2.79,2.99,0,0,CN,2012w8
120,2012,9,107,112,2.79,2.49,0,0,CN,2012w9
120,2012,10,90,112,2.79,2.29,0,0,CN,2012w10
120,2012,11,128,88,2.99,2.99,0,0,CN,2012w11
120,2012,12,112,120,2.99,2.49,0,0,CN,2012w12
120,2012,13,114,109,2.29,2.49,0,0,CN,2012w13
120,2012,14,132,95,2.79,2.99,0,0,CN,2012w14
120,2012,15,167,93,2.1900001,2.5899999,0,0,CN,2012w15
120,2012,16,133,80,2.49,3.1900001,0,0,CN,2012w16
120,2012,17,164,86,2.1900001,2.49,1,0,CN,2012w17
120,2012,18,158,80,2.49,3.1900001,0,0,CN,2012w18
120,2012,19,123,97,2.49,2.5899999,0,0,CN,2012w19
120,2012,20,123,91,2.99,3.1900001,0,0,CN,2012w20
120,2012,21,161,74,2.1900001,2.49,0,0,CN,2012w21
120,2012,22,179,85,2.29,2.5899999,1,0,CN,2012w22
120,2012,23,97,117,2.79,2.29,0,0,CN,2012w23
120,2012,24,107,109,2.79,2.49,0,0,CN,2012w24
120,2012,25,110,97,2.79,2.5899999,0,0,CN,2012w25
120,2012,26,105,91,2.29,2.29,0,0,CN,2012w26
120,2012,27,196,97,2.1900001,2.49,1,0,CN,2012w27
120,2012,28,116,101,2.29,2.29,0,0,CN,2012w28
120,2012,29,99,108,2.79,2.5899999,0,0,CN,2012w29
120,2012,30,113,103,2.49,2.5899999,0,0,CN,2012w30
120,2012,31,111,106,2.79,2.99,0,0,CN,2012w31
120,2012,32,136,71,2.99,3.1900001,0,0,CN,2012w32
120,2012,33,126,87,2.29,2.49,0,0,CN,2012w33
120,2012,34,105,106,2.99,2.49,0,0,CN,2012w34
120,2012,35,169,92,2.49,2.49,1,0,CN,2012w35
120,2012,36,117,68,2.29,2.5899999,0,0,CN,2012w36
120,2012,37,108,106,2.79,2.49,0,0,CN,2012w37
120,2012,38,111,113,2.49,2.49,0,0,CN,2012w38
120,2012,39,136,106,2.49,2.49,0,0,CN,2012w39
120,2012,40,112,112,2.99,2.5899999,0,0,CN,2012w40
120,2012,41,129,98,2.99,3.1900001,0,0,CN,2012w41
120,2012,42,155,62,2.1900001,3.1900001,0,0,CN,2012w42
120,2012,43,119,106,2.79,2.5899999,0,0,CN,2012w43
120,2012,44,122,91,2.79,3.1900001,0,0,CN,2012w44
120,2012,45,124,98,2.49,2.49,0,0,CN,2012w45
120,2012,46,144,85,2.1900001,2.49,0,0,CN,2012w46
120,2012,47,140,104,2.49,2.5899999,0,0,CN,2012w47
120,2012,48,150,88,2.49,2.99,0,0,CN,2012w48
120,2012,49,121,97,2.49,2.5899999,0,0,CN,2012w49
120,2012,50,91,124,2.99,2.29,0,0,CN,2012w50
120,2012,51,83,115,2.99,2.29,0,0,CN,2012w51
120,2012,52,136,99,2.49,2.49,0,0,CN,2012w52
